# simple_aiops_pipeline — full bundle
# PIPELINE_ROOT (absolute): /Users/shashidhara.reddy/Implementation/simple_aiops_pipeline
# REPO_ROOT (absolute): /Users/shashidhara.reddy/Implementation
# Generated (UTC): 2026-04-20T08:59:01.660468+00:00
# Skipped dirs: .git, .venv, __pycache__
# Skipped file: PROJECT_BUNDLE.txt

=== /Users/shashidhara.reddy/Implementation/SIMPLE_AIOPS_PIPELINE_PROJECT.md ===
# Simple AIOps pipeline — project document (single file)

**Scope:** The educational demo under `simple_aiops_pipeline/`: what AIOps means here, data flow, detection internals, metrics, artifacts, Git, bundle export, and how it relates to real AIOps stacks.

**Code root:** `simple_aiops_pipeline/` (full path depends on your clone).

**Git:** `simple_aiops_pipeline/GIT_EDUCATION.md`.

---

## 1. What AIOps means (in one paragraph)

**AIOps** usually means applying analytics and ML to **IT operations data** (metrics, logs, traces, alerts) to **detect anomalies**, **reduce noise**, **correlate** incidents, or **prioritize** work. This repo is a **toy**: synthetic KPIs, a **rolling z-score** baseline (classic ops + stats), and **precision/recall** against injected ground truth so you can teach evaluation without plugging into Prometheus on day one.

---

## 2. Repository layout

```
simple_aiops_pipeline/
├── pipeline.py              # All stages in one file
├── requirements.txt         # numpy, pandas
├── README.md
├── GIT_EDUCATION.md
├── .gitignore
├── build_project_bundle.py  # PROJECT_BUNDLE.txt (includes this doc + tree + Base64 binaries if any)
├── PROJECT_BUNDLE.txt       # Optional generated handout
├── .venv/                   # Not committed
└── artifacts/               # Created on run
    ├── raw_kpi.csv          # timestamp, kpi_value, ground_truth_anomaly
    ├── alerts.csv           # timestamp, kpi_value, z_score, alert_fired
    ├── metrics.json         # precision, recall, F1, TP/FP/FN, thresholds
    └── run_manifest.json
```

---

## 3. Pipeline stages (internals)

### 3.1 Prepare (`stage_prepare`)

- Builds **1440** points (toy “minute buckets for a day”).
- **Normal behavior:** Gaussian noise around level 50.
- **Injected incidents:** eight bursts of ~15 minutes with **+12 to +22** added to KPI; `ground_truth_anomaly=1` there.
- Writes **`raw_kpi.csv`**. In production you would **not** have reliable `ground_truth_anomaly`; it exists here **only to teach** evaluation.

### 3.2 Detect (`stage_detect`)

- **Rolling window** `WINDOW=60`: local mean and std of `kpi_value`.
- **Z-score:** `(value - roll_mean) / roll_std`; first `WINDOW-1` points have NaN z until the window fills.
- **Alert** if `|z| > Z_THRESHOLD` (default **3.0**).
- **Does not peek** at `ground_truth_anomaly` — mimics deployable logic.
- Writes **`alerts.csv`** with `z_score` and `alert_fired` (0/1).

### 3.3 Evaluate (`stage_evaluate`)

- Joins predictions to **`ground_truth_anomaly`** on row index (aligned DataFrames).
- Computes **TP, FP, FN**, then precision, recall, F1.
- Writes **`metrics.json`**.

### 3.4 Manifest (`stage_manifest`)

- **`run_id`** (UTC), **`domain`** string, **`artifacts_dir`**, **`metrics`**, **`python`** version.

---

## 4. Why rolling z-score (teaching point)

Static global mean/std fails when KPI **drifts** seasonally. A **rolling** baseline adapts to local “normal” and is still easy to explain in class before jumping to **IsolationForest**, **LSTM**, or **Prophet** for anomalies.

---

## 5. Real AIOps extensions (not implemented)

| Idea | Typical stack |
|------|----------------|
| Ingest metrics | Prometheus, VictoriaMetrics, Datadog, CloudWatch |
| Ingest logs | Loki, ELK, Splunk |
| Anomaly ML | sklearn IsolationForest, PyOD, Merlion, Azure Anomaly Detector |
| Alert routing | Alertmanager, PagerDuty, Opsgenie |
| Correlation | topology from CMDB, trace IDs from OpenTelemetry |
| Noise reduction | dedupe, grouping, maintenance windows |

---

## 6. How to run

See `simple_aiops_pipeline/README.md` (venv + `pip install` + `python pipeline.py`).

---

## 7. One-file handout

From `simple_aiops_pipeline/`:

```bash
python3 build_project_bundle.py
```

Produces **`PROJECT_BUNDLE.txt`** with absolute paths, full copy of **this** document, and all project files (same pattern as the MLOps demo).

---

## 8. Troubleshooting

| Issue | Check |
|-------|--------|
| No `artifacts/` | Run from `simple_aiops_pipeline/` so `ARTIFACTS_DIR` resolves next to `pipeline.py`. |
| F1 is low | Tune `Z_THRESHOLD`, `WINDOW`, or injection pattern in `stage_prepare`. |
| All NaN z | Increase `N_POINTS` or lower `WINDOW` so enough rows exist after `min_periods`. |

---

*Educational demo only — not production AIOps.*


=== /Users/shashidhara.reddy/Implementation/simple_aiops_pipeline/.gitignore ===
.venv/
venv/
__pycache__/
*.py[cod]
*$py.class
.DS_Store

=== /Users/shashidhara.reddy/Implementation/simple_aiops_pipeline/GIT_EDUCATION.md ===
# Git — educational use (AIOps demo)

Same idea as the MLOps demo: small, safe, no secrets.

| Path | Commit? |
|------|---------|
| `pipeline.py`, `requirements.txt`, `README.md`, `build_project_bundle.py`, `.gitignore`, this file | Yes |
| `../SIMPLE_AIOPS_PIPELINE_PROJECT.md` | Yes |
| `artifacts/` | Optional (demo “already ran”) |
| `PROJECT_BUNDLE.txt` | Optional (regenerate with `python3 build_project_bundle.py`) |
| `.venv/` | No — use `.gitignore` |

Clone → `pip install -r requirements.txt` → `python pipeline.py`.

=== /Users/shashidhara.reddy/Implementation/simple_aiops_pipeline/README.md ===
# Simple AIOps pipeline (educational)

Full spec: **`../SIMPLE_AIOPS_PIPELINE_PROJECT.md`** (repo root).

Git (classroom): **`GIT_EDUCATION.md`**.

One-file handout (spec + code + artifacts): `python3 build_project_bundle.py` → **`PROJECT_BUNDLE.txt`**.

## Run

```bash
cd simple_aiops_pipeline
python3 -m venv .venv && source .venv/bin/activate   # Windows: .venv\Scripts\activate
pip install -r requirements.txt
python pipeline.py
```

Outputs under `artifacts/`: `raw_kpi.csv`, `alerts.csv`, `metrics.json`, `run_manifest.json`.

=== /Users/shashidhara.reddy/Implementation/simple_aiops_pipeline/artifacts/alerts.csv ===
timestamp_minute,kpi_value,z_score,alert_fired
0,50.609434159508865,,0
1,47.92003178751901,,0
2,51.50090239161291,,0
3,51.88112943278243,,0
4,46.09792962269233,,0
5,47.39564098627537,,0
6,50.255680806334574,,0
7,49.36751481531284,,0
8,49.96639768499142,,0
9,48.29391214485284,,0
10,51.75879594972566,,0
11,51.555583870857895,,0
12,50.132061395122435,,0
13,52.25448241393607,,0
14,50.935018684504094,,0
15,48.28141507423352,,0
16,50.737501568165,,0
17,48.082234798342,,0
18,51.75690060261454,,0
19,49.90014817802749,,0
20,49.63027527290948,,0
21,48.63814091119212,,0
22,52.44508267734806,,0
23,49.690941035862394,,0
24,49.14334435567378,,0
25,49.29573289902354,,0
26,51.0646183711067,,0
27,50.730888128728154,,0
28,50.825465223191976,,0
29,50.861642006015764,,0
30,54.28329520174092,,0
31,49.187169967230766,,0
32,48.975514541856924,,0
33,48.37245454350425,,0
34,51.23195884515099,,0
35,52.257944585441784,,0
36,49.77210508469025,,0
37,48.31968704607495,,0
38,48.35103756861752,,0
39,51.3011855756494,,0
40,51.486508342406886,,0
41,51.08630853661039,,0
42,48.66898058542261,,0
43,50.46432264613344,,0
44,50.23337161828146,,0
45,50.437377193458026,,0
46,51.74285755589638,,0
47,50.447191097549364,,0
48,51.35782712614379,,0
49,50.135158138977786,,0
50,50.57823879737997,,0
51,51.26257645167708,,0
52,47.085688360288664,,0
53,49.3606575672854,,0
54,49.05925469141441,,0
55,48.722244303513314,,0
56,49.449715497546634,,0
57,52.98988262246879,,0
58,48.26833776861351,,0
59,51.93655670918296,1.1493612036774734,0
60,46.63426045676839,-2.100023411841558,0
61,49.33022994002845,-0.4699785169763511,0
62,50.32550613021001,0.16063454167036298,0
63,51.172444662718554,0.7016400452760242,0
64,51.42245315958571,0.8444224234437487,0
65,51.58669447039985,0.9268652050828987,0
66,49.30254985550312,-0.603927148584035,0
67,49.075296414670866,-0.7520760444241262,0
68,51.71595176251431,0.9947721288976975,0
69,49.61739135023677,-0.42405466522526036,0
70,47.448627353324156,-1.8037789843126377,0
71,47.73342557199304,-1.5513488742064498,0
72,48.16109542799678,-1.2342027716161492,0
73,50.99432148810753,0.6128955853717448,0
74,50.28485147214113,0.15693252525218632,0
75,51.380970708135536,0.8456019420270955,0
76,49.14549470732693,-0.6080548261643128,0
77,50.31707938215343,0.13975722683522834,0
78,51.25118078793467,0.7727830805235922,0
79,49.381306920559524,-0.47492163604724547,0
80,50.913550475114825,0.5358903968749602,0
81,48.676148117866695,-0.9606634734361559,0
82,49.273892306869854,-0.5356019763851255,0
83,49.23652421200334,-0.554735226197925,0
84,47.60832070882192,-1.6127739528520566,0
85,50.97394496157116,0.6124507935562067,0
86,49.06119531959455,-0.6396843683146161,0
87,50.024988237455375,0.010427652690164907,0
88,50.961493317811815,0.6336131320866202,0
89,50.893062352059886,0.5874956167261319,0
90,51.33077021794557,0.9755048007455258,0
91,49.80302903098115,-0.12168084882628956,0
92,49.153403375911694,-0.5890976359939131,0
93,49.8405635781872,-0.11593116823509406,0
94,46.62533113208394,-2.293632167208406,0
95,47.10577505515383,-1.8840769631299978,0
96,47.354600775291196,-1.6449805423801385,0
97,48.005506344797034,-1.1984770181356488,0
98,50.799548453446874,0.6509439319390049,0
99,48.18904188927988,-1.071139669843219,0
100,49.24367489192122,-0.340118549866761,0
101,52.59845659557213,1.8773470163178951,0
102,49.287472057877146,-0.32772451836116717,0
103,51.47503113693417,1.1080835684725434,0
104,48.132764639980245,-1.0652593383044022,0
105,49.58912488426474,-0.10358793666992275,0
106,48.09995589017884,-1.0450955771665842,0
107,49.321933848198874,-0.22820080231616208,0
108,51.68061627491479,1.3188232954481582,0
109,46.5453591536153,-1.9499144668331403,0
110,50.86884728709172,0.793152650790512,0
111,50.47547120466456,0.5557643619482372,0
112,48.811700088606415,-0.5357021346186063,0
113,47.107884291223094,-1.5863457779737855,0
114,50.14425901542774,0.3378249892312507,0
115,48.941014581872395,-0.43209982287888576,0
116,50.46535242270941,0.5288123414058824,0
117,50.043704291046886,0.30352985089967266,0
118,53.20355778264183,2.253603016073153,0
119,49.52128874505395,-0.06916150582369521,0
120,64.17066564190188,5.959212699283207,1
121,66.57621189705824,5.092688373064089,1
122,66.65765399508913,4.1993317807079755,1
123,68.93603577762649,4.009171391433869,1
124,67.88788311897477,3.341083456934979,1
125,66.93140274544463,2.871975229299678,0
126,69.14426640958473,2.967184750853635,0
127,63.84013451849991,1.961383257002328,0
128,64.93815756164611,2.02926660547494,0
129,64.36450874433456,1.8455610159505251,0
130,65.43804102083408,1.9109271869195383,0
131,63.46428833203299,1.5510316054873814,0
132,67.48796252077443,2.0279637331861564,0
133,65.77321523294808,1.7060323210245838,0
134,63.276048038140296,1.3118105006000542,0
135,47.96884183758492,-0.7730678287013353,0
136,50.62702769490039,-0.4147460076480986,0
137,51.67625313578876,-0.2748526862666352,0
138,53.99346178338357,0.03578210458538791,0
139,55.82772493201466,0.2727881136061613,0
140,50.82881886655199,-0.4128322922761894,0
141,48.020923759936274,-0.7956335003463079,0
142,45.73590743853738,-1.0929552761653796,0
143,50.53542292468767,-0.4435318486705196,0
144,48.37411780937935,-0.7408670187512649,0
145,49.16928547964063,-0.6269131224613445,0
146,48.77580640188038,-0.6795576277258139,0
147,49.71841822716723,-0.550337058217072,0
148,52.13196046157529,-0.22474062979090717,0
149,50.31409713489069,-0.4707320057931557,0
150,49.68273032592262,-0.5520022647104597,0
151,47.928692494348375,-0.7838705014607219,0
152,46.650634110591284,-0.9471311960862049,0
153,49.027384181853336,-0.6240382422360213,0
154,49.89243489836336,-0.5176435544028631,0
155,53.53585982715977,-0.03878544931113156,0
156,50.26054904294577,-0.49454443050647207,0
157,51.96547902204612,-0.27124237471159474,0
158,49.001408802921695,-0.6738500032382556,0
159,47.63011246716595,-0.8601067225343144,0
160,48.06976647553525,-0.7955051470822693,0
161,48.54954787092849,-0.717507167516949,0
162,54.25693946487033,0.050083985637593524,0
163,48.35722664155123,-0.7474898259698792,0
164,51.67697840747269,-0.30422429836369347,0
165,48.19414564382595,-0.7763456186208497,0
166,51.86314602574849,-0.28483943208866636,0
167,50.769901932211724,-0.43905496092058094,0
168,49.68672420468382,-0.5822661920173344,0
169,49.91847494772913,-0.5616456539370797,0
170,48.69042460914122,-0.7241196609665507,0
171,50.89214440296416,-0.42204683502120866,0
172,49.09003303931844,-0.6712768888163422,0
173,47.5487884724655,-0.8855681334127199,0
174,47.44412485136076,-0.8898158134277592,0
175,50.34517583544424,-0.4955145486249527,0
176,53.15818251282087,-0.114780476788993,0
177,50.31998322714688,-0.5069091372633968,0
178,49.76272334778024,-0.5742788262444004,0
179,50.57165227920508,-0.4660350433459709,0
180,52.61200348341365,-0.1612318575461006,0
181,50.43876500272771,-0.439706997342591,0
182,49.17814553833252,-0.5961757791405243,0
183,52.21257742011978,-0.11065593868437128,0
184,50.857512876923224,-0.29105586750436396,0
185,53.07151198399198,0.11364542895660118,0
186,50.36646887444381,-0.31997981621628024,0
187,47.551061936559,-0.820115326662392,0
188,47.26368160150867,-0.8618799012631955,0
189,53.301855864462496,0.4196859426579731,0
190,53.4473314415666,0.5366209211659376,0
191,49.6409615734348,-0.32050574166943435,0
192,49.23362535772802,-0.41329763446937673,0
193,52.922888584484404,0.937796725317797,0
194,47.785908635913025,-1.1101776830613064,0
195,48.21054596208835,-0.9134238553249309,0
196,51.28665358937809,0.5344838800249458,0
197,49.21078975428082,-0.42672029415407864,0
198,49.98975626655986,-0.02738693652994861,0
199,49.67311420295098,-0.14179314281720287,0
200,50.67514909759787,0.38553457425289517,0
201,52.81496372262743,1.4528274626799738,0
202,50.18116981380349,0.04696873968592807,0
203,51.28787758655372,0.6399107632473576,0
204,45.89965579793795,-2.1805112543503484,0
205,49.902563196139766,-0.09214239525046584,0
206,48.31353945941426,-0.91822486810258,0
207,47.562373879152744,-1.274165581236552,0
208,48.243695266142495,-0.8925322808853747,0
209,49.33175311859838,-0.32127629863409607,0
210,51.83180508471202,0.9449013133688029,0
211,47.34721456452087,-1.3418545532203212,0
212,50.06126298518883,0.012970053209048767,0
213,49.03166113333284,-0.5254426312150057,0
214,49.344653811276075,-0.3566317437162589,0
215,52.00551565060921,1.0676207854611364,0
216,51.076230874007855,0.5637537080298127,0
217,52.67479621488549,1.3962051253633847,0
218,49.6909886415002,-0.1838382786867175,0
219,48.608114776658596,-0.771729216604382,0
220,49.552282366239,-0.28391112076349617,0
221,50.484993582542444,0.20181635485369298,0
222,50.353146716907425,0.1733177951850527,0
223,47.83122385553327,-1.24257861865209,0
224,50.18097956325575,0.09509490819791042,0
225,50.45645666027781,0.23197738800951131,0
226,55.03494807506784,2.6674966345384776,0
227,53.75368922256334,1.8887776462007289,0
228,48.29351329888236,-0.956575999124657,0
229,49.42523327690165,-0.36256292143898095,0
230,47.073115996325996,-1.5468301476345603,0
231,48.81858597207302,-0.6344399405328784,0
232,50.631210007180684,0.27872365972575963,0
233,52.41170724177647,1.1517032506529492,0
234,48.54183232451278,-0.8527335522200175,0
235,48.691707119864404,-0.7569705439794695,0
236,45.70542194052269,-2.186047140847865,0
237,49.67466815891019,-0.17598296212445952,0
238,47.87517117628087,-1.058614688912626,0
239,48.94112114526785,-0.5110868319632991,0
240,48.24627844366482,-0.8294598197432357,0
241,49.81147489149489,-0.03522159752044857,0
242,46.484543217286735,-1.6522481905935318,0
243,47.06590950921802,-1.3190838492208876,0
244,54.2584942240566,2.107032726805806,0
245,47.42515483745194,-1.094601305399705,0
246,47.80642884309072,-0.8864746429213739,0
247,53.67382705664263,1.8176140015017679,0
248,55.810134338480815,2.611078800668665,0
249,47.656866742349315,-0.9697127121579413,0
250,49.26350208642394,-0.22359470403226764,0
251,50.68311110188102,0.41864650545173365,0
252,53.457395288811185,1.6193832227597733,0
253,48.026285843143526,-0.7835886143164655,0
254,49.50944430811578,-0.12607928838562327,0
255,51.55467515212349,0.7799723315763267,0
256,50.86953214893324,0.47200539916684564,0
257,49.2476878575398,-0.2681760354055829,0
258,49.732354070967915,-0.04509943177539477,0
259,47.25020838326004,-1.1459962718686934,0
260,49.52365251205067,-0.11199701013401198,0
261,49.46722501998209,-0.11414362394950342,0
262,50.46433977925251,0.34128448547205953,0
263,48.88934556236197,-0.3642672940726984,0
264,50.94307704509028,0.5557915757485706,0
265,52.025431635639656,1.0397907240740087,0
266,50.31085865533693,0.223965993684323,0
267,50.70351281679841,0.3868683669660453,0
268,50.106310695155734,0.09015427326285241,0
269,50.000168786182826,0.03441234422906139,0
270,48.5568839329143,-0.6286374796078719,0
271,50.63298852334662,0.3406200583424549,0
272,49.80542680317302,-0.05717492075120262,0
273,54.18633661786119,1.9536823554089844,0
274,53.14670980495048,1.4139351120573116,0
275,50.771693105113,0.3328101893020009,0
276,48.473885580610464,-0.7086927732679176,0
277,47.775177056033165,-0.998081828717114,0
278,52.38228590617773,1.1058716216316136,0
279,50.52549845029428,0.2398770098156322,0
280,50.96028680678322,0.42864649209364936,0
281,46.51082802605161,-1.5533228887950614,0
282,51.85487696311636,0.8361909882454122,0
283,50.908840676428724,0.39247591804967563,0
284,47.779138631171044,-0.9912195600505427,0
285,49.0569503851001,-0.409466359048857,0
286,50.52743440871304,0.2932975634631027,0
287,50.104933596712485,0.1280139118403824,0
288,49.41565762839289,-0.21309617972213327,0
289,49.79302346386808,-0.033949151618615114,0
290,49.49604524358623,-0.19990269899221966,0
291,50.30512502420494,0.18507162231942556,0
292,52.94298394598631,1.4375705964736445,0
293,44.8666831181374,-2.3171640231819786,0
294,49.52629947098063,-0.15481851254611986,0
295,50.353024842744894,0.21894618950139683,0
296,50.591987979374196,0.3026229552901701,0
297,49.25617083735742,-0.3403436129302596,0
298,46.486556435042836,-1.6438602347420475,0
299,50.65599096742822,0.3294272601454308,0
300,53.45470042832837,1.5960888368235198,0
301,46.932277190167724,-1.4159636192292708,0
302,51.72765602739638,0.7679735331797379,0
303,49.34294955375421,-0.37528928785609733,0
304,49.877351308342305,-0.08845078074673784,0
305,47.894202978592105,-1.0769134691734712,0
306,49.33108765528824,-0.3801137741956412,0
307,52.60008918939792,1.2850204287107683,0
308,51.16531048397541,0.6419495516772394,0
309,53.46462321081989,1.8217053609412965,0
310,65.02308132497002,5.495024955400355,1
311,63.54643090487379,4.098371979794135,1
312,66.15612659935022,4.115486566428208,1
313,63.54624386449123,3.0768587197904855,1
314,64.32423390060875,2.9591577670732163,0
315,62.07511563994521,2.2968667077709797,0
316,62.801349178733034,2.2988778002629107,0
317,61.27340990041408,1.885822396412835,0
318,64.64742541620434,2.388949832441975,0
319,60.311650300784905,1.5026405626664856,0
320,64.23295823184995,2.1133190409619567,0
321,62.286955432004305,1.6839311678682438,0
322,65.01075173394926,2.04843129138898,0
323,64.16999552447714,1.8153867710356402,0
324,66.30954986230823,2.0532895849177932,0
325,51.46154938227729,-0.33224139500203115,0
326,46.855919488693516,-1.055313011255659,0
327,49.866093654203596,-0.5722399570314588,0
328,47.65598561481037,-0.9135121121158549,0
329,48.96344031526745,-0.7022194317924397,0
330,53.02245686655344,-0.07180020649453474,0
331,51.275067621795394,-0.351767409964108,0
332,48.60213914284251,-0.7724453165041233,0
333,47.9725652671192,-0.8507508914035666,0
334,50.06556418575252,-0.5110301204777508,0
335,47.566879701237745,-0.8913190427618164,0
336,48.65771944520684,-0.7211565758069182,0
337,50.624018943102485,-0.422479290190349,0
338,52.31062407221339,-0.15666272536565118,0
339,51.21752294444888,-0.33086186450328525,0
340,45.4174209828038,-1.2160498681233338,0
341,50.60873345806052,-0.4214320727340467,0
342,50.144067146465154,-0.48911606287842424,0
343,50.82778057074539,-0.38169828182242993,0
344,53.23241936330241,-0.019159136480423788,0
345,45.873523446390514,-1.1625330842026627,0
346,48.81779314961779,-0.6954488289015781,0
347,51.18181264558671,-0.3295629955242394,0
348,46.83681120109212,-0.9965340219845377,0
349,52.951898096107016,-0.05423754792362259,0
350,50.73671322540132,-0.4033277388028724,0
351,51.693167971686805,-0.2579885749553007,0
352,48.85811267695641,-0.6876748441982026,0
353,51.627527379932424,-0.2780589121206519,0
354,52.13694311197808,-0.2050700958045967,0
355,50.465756040274336,-0.4700942921953477,0
356,50.46880178539739,-0.4692153680607858,0
357,50.54068647856345,-0.4621168323155022,0
358,48.273309470521234,-0.8304746849042639,0
359,49.704942639519295,-0.598918466339734,0
360,49.69495493509528,-0.5887658956148026,0
361,50.76678772870699,-0.43204257454527384,0
362,51.99964849382059,-0.2356431219827051,0
363,47.88292783604318,-0.8875348198179469,0
364,49.74998193936084,-0.5893402018067283,0
365,52.96291109531795,-0.09115787284428788,0
366,48.512823542374875,-0.8019532263086435,0
367,48.35549996541936,-0.8113373789289632,0
368,50.40461238366239,-0.4823330454855912,0
369,51.68877038097064,-0.2729677881061398,0
370,50.02285211112132,-0.5124777097703487,0
371,52.65792118087398,-0.052848500509652466,0
372,51.71358796513305,-0.17864811226438676,0
373,51.68364013378012,-0.1540425969371976,0
374,51.108233002648184,-0.2273741521830136,0
375,54.655306200692166,0.4780769465328095,0
376,49.58967662226791,-0.4785752029544118,0
377,45.99295541586697,-1.1726562537042364,0
378,53.208508723034285,0.36758323848252417,0
379,49.08460113808635,-0.5071542499658233,0
380,50.21576088868606,-0.21618596135554066,0
381,52.61910136972105,0.43602861671514975,0
382,46.79548091788215,-1.1275903148990651,0
383,47.49670557178772,-0.9764987273568205,0
384,46.79744412576229,-1.5434252248431926,0
385,48.41172741994915,-0.7492829961148977,0
386,50.879273212033986,0.4008452119658437,0
387,51.048375685625544,0.4724000031475868,0
388,50.552548358657106,0.2115177572253742,0
389,47.17446823221527,-1.406946633050189,0
390,45.37979312673471,-2.158260355405149,0
391,50.10870717078076,0.07788109679931958,0
392,49.05644793272333,-0.42360645155855525,0
393,50.91877154343322,0.43722582323979,0
394,51.40390725244254,0.655171312615996,0
395,50.27648286411736,0.1000770307230936,0
396,51.52026617075171,0.6742122755172854,0
397,50.458422748230134,0.16588344615893863,0
398,51.06012941120294,0.4684348189835802,0
399,48.590653474260236,-0.7041490542926088,0
400,49.64077717233708,-0.24140103468728163,0
401,50.393552193313916,0.1406876402059789,0
402,51.64105695083484,0.7546908500194016,0
403,49.212517655550855,-0.45249894196482804,0
404,51.042334511464226,0.4947482037807128,0
405,49.468322416169244,-0.3565240463082248,0
406,49.764915665343736,-0.2075151123287831,0
407,51.65903808404815,0.8004142228961824,0
408,46.01387925789169,-2.1750793159420643,0
409,47.40705534385048,-1.3960774341016904,0
410,47.03562920511436,-1.529384123596039,0
411,45.33276776030339,-2.2640263956281643,0
412,48.64347111968965,-0.6155951227372195,0
413,51.49886779945548,0.8044069780652935,0
414,49.43023186723485,-0.2036890584085466,0
415,50.39558016388371,0.28196497170579704,0
416,52.17843499342158,1.1512012465640618,0
417,52.65537226453538,1.3504075579642318,0
418,49.86172413054772,-0.031006887395904747,0
419,52.7071717791388,1.3252675859675729,0
420,50.184253316868215,0.09767680195577219,0
421,48.32520355234507,-0.7811519537090507,0
422,48.81119929560253,-0.5239457206026753,0
423,47.038926974869966,-1.367472541180375,0
424,48.223732292532695,-0.7798287366835307,0
425,49.28396662385114,-0.24652802856994135,0
426,51.607170038757204,0.861404939863743,0
427,53.44153966233197,1.6795490015607508,0
428,47.23563696924592,-1.2425857866675325,0
429,50.78565493651984,0.43994361652997127,0
430,47.91891212168493,-0.8949102118632868,0
431,50.949394176926404,0.5509078141063918,0
432,49.737826698624545,-0.010749892158164484,0
433,46.33818834830494,-1.5765945343194776,0
434,51.85659398313697,1.0226694839410697,0
435,48.78999857438254,-0.3930570881826727,0
436,48.93219952325289,-0.3171395140131509,0
437,47.86049517742062,-0.8795819824623712,0
438,48.69143344662489,-0.4347684473097902,0
439,50.85578088138983,0.668814311170187,0
440,49.62151131812719,0.036772635980893836,0
441,50.65732400456496,0.6002496428851324,0
442,50.72384370785769,0.6097726207355401,0
443,52.64132331105633,1.5716771022342166,0
444,49.31442769827124,-0.2137993448402989,0
445,47.046284366308534,-1.4063422329617796,0
446,52.13444483314397,1.2773362833732878,0
447,49.33702365580549,-0.18159484317282357,0
448,52.22918488915475,1.3152749646102353,0
449,50.76675422636494,0.5277384243947818,0
450,67.66729125108947,5.996756958669271,1
451,68.62711809958876,4.817520101051416,1
452,71.83159143174876,4.497499929337987,1
453,72.08352736960367,3.858969698301665,1
454,68.06832858176172,2.844602576059506,0
455,68.24994749813031,2.6490255575382893,0
456,70.08204662642893,2.7050277518436623,0
457,66.23824424596147,2.0149780463189053,0
458,68.59570705673266,2.2148355290267183,0
459,67.87784061558844,2.0032289157960426,0
460,68.55738273441128,1.9845743338408028,0
461,66.26282869959735,1.616861173118386,0
462,64.75043132487822,1.374899462095307,0
463,63.78359943951358,1.2115768794983273,0
464,65.69479808551694,1.3953039369398303,0
465,49.082649430121336,-0.6252601300192945,0
466,49.41361682670247,-0.5840513218931912,0
467,53.87446232485903,-0.04618896722398858,0
468,52.2119867398146,-0.2631980317436433,0
469,48.07581776731674,-0.7728778394006715,0
470,50.69541690490191,-0.4610181762778578,0
471,49.18584352729935,-0.6600728503436266,0
472,49.431272323919806,-0.6318978907520824,0
473,50.370651298830765,-0.5120652644923792,0
474,51.23834223395079,-0.40870927204548574,0
475,49.32148303223197,-0.6444984766047375,0
476,52.127703065468715,-0.2951496169558396,0
477,47.71612354771519,-0.8293282895722363,0
478,50.01267812472454,-0.5455080017782503,0
479,55.195347453191665,0.0909205389062021,0
480,50.44615948525055,-0.4978213071253216,0
481,52.86642901321235,-0.208388764945682,0
482,50.18304035634642,-0.5461331495952395,0
483,51.161554190659594,-0.43532299624309484,0
484,49.88643361121461,-0.6002031154841094,0
485,49.65918483767159,-0.6298887913437593,0
486,48.44103520654916,-0.7734557986334042,0
487,50.86060271791511,-0.46411801345095016,0
488,48.29692562162846,-0.7885343262400274,0
489,51.33117047262686,-0.409600858683085,0
490,52.17057400889182,-0.31487089169655647,0
491,50.73306281447446,-0.4955070108129532,0
492,49.42750253288862,-0.6591072818787164,0
493,50.907931158617394,-0.4858525005214828,0
494,49.38265388890717,-0.6723523224713766,0
495,51.8710942509303,-0.36522917778047126,0
496,46.33718783156975,-1.0574500359456047,0
497,49.32878526376271,-0.6840579718063298,0
498,46.018376009752004,-1.0920628937046253,0
499,47.00987833954559,-0.9533850188704243,0
500,52.72772445962782,-0.24411746513761814,0
501,51.79036996394337,-0.3646632772748919,0
502,48.56103953343042,-0.7641350152898804,0
503,46.9949930879182,-0.941992954606464,0
504,44.0709423243167,-1.281511469776725,0
505,48.913008984134734,-0.6909013969444805,0
506,54.84083002449481,0.03622939995146541,0
507,50.8697685429273,-0.45892523961711384,0
508,48.88085542790102,-0.6960402847560888,0
509,50.930160419000615,-0.44339460774719924,0
510,46.87808329401111,-0.9155463023902305,0
511,49.40535327460473,-0.5731016662829369,0
512,50.19895494603148,-0.4447408989142694,0
513,49.8277986963579,-0.4701853651170303,0
514,51.581612243380164,-0.18812139959202234,0
515,50.68929045247211,-0.2904777971603066,0
516,51.336652036215995,-0.15101628867326672,0
517,48.62325543553848,-0.5809013071372071,0
518,51.795630816821095,0.024008952359076484,0
519,53.25787389524798,0.3779265271613742,0
520,48.05970096069718,-0.7006932595584042,0
521,48.22460868857088,-0.6657950802565571,0
522,52.67156867264047,0.6170574345441078,0
523,49.61731202660988,-0.2499874078505055,0
524,52.807642784133115,1.2562250610843595,0
525,49.11492857621563,-0.47683793865546537,0
526,52.910091152541426,1.2604859366543917,0
527,50.2629716336109,0.06364221630802455,0
528,50.51645764664539,0.19919329894741306,0
529,53.12943604333981,1.3985261135772644,0
530,49.27645904511166,-0.41990726930402145,0
531,48.117755808150086,-0.9554382301307901,0
532,49.10287158394329,-0.48772575911625576,0
533,50.904667901286274,0.35657844769026814,0
534,46.86848185563897,-1.4832527928335326,0
535,51.27494180530224,0.5397119547361391,0
536,48.92245736476451,-0.5251952789145808,0
537,52.29562532146713,1.0073452601386539,0
538,45.21147939019906,-2.157990743753508,0
539,48.42686844979166,-0.7033100136982379,0
540,46.627063697531796,-1.483729213512546,0
541,48.3475410672721,-0.6712505486507133,0
542,50.49533180221788,0.320200166782246,0
543,49.64154674910049,-0.06320875652778059,0
544,49.49324486210397,-0.1289801571548056,0
545,49.68163025723988,-0.04173309480230712,0
546,50.40677648123989,0.28030620418963614,0
547,47.98292791611379,-0.8220277690459089,0
548,51.4136992817981,0.7435201953017482,0
549,51.325331940770965,0.7026615134463045,0
550,50.7700758753122,0.46024230658316734,0
551,51.113066885502526,0.6165301644245369,0
552,50.59283600161732,0.3645031600730759,0
553,54.070146605462135,1.9024959910961097,0
554,49.82581165789498,-0.02031516903112275,0
555,49.38583356333085,-0.20199220869640205,0
556,48.492944839285244,-0.6369142747369917,0
557,47.93547465884433,-0.8794267598749936,0
558,47.51105642479785,-1.105211927136954,0
559,48.222405373538166,-0.7890810598088059,0
560,49.85863923669586,0.00932829301788896,0
561,50.66859025699543,0.41094691576935866,0
562,50.102284117104325,0.12445192516240472,0
563,48.468929445140574,-0.6901756620615856,0
564,51.800369128039925,0.9488084710571195,0
565,51.478825344601894,0.7552598957595272,0
566,49.680703385155965,-0.15360852699304928,0
567,48.69416771067058,-0.6818276164620979,0
568,51.0968558416596,0.6335107698894726,0
569,50.37594717497221,0.23843251279018216,0
570,47.1037454811699,-1.5917336816813077,0
571,49.86403948803119,-0.053258967364370705,0
572,50.52407162414876,0.312688941073937,0
573,48.20061042702449,-0.9631588290145334,0
574,50.379686785674885,0.25798506748719924,0
575,47.09035502948442,-1.5161809099346188,0
576,52.67237220002434,1.5083523955523614,0
577,52.49589997011886,1.3613952826593636,0
578,49.49496533139407,-0.2210841443366529,0
579,50.726908675678146,0.4768729888367145,0
580,45.18015606840025,-2.446602534567807,0
581,47.687304679469335,-1.1134310005025663,0
582,49.41244215969574,-0.18220325885771638,0
583,47.855733957146285,-0.9919596771127945,0
584,51.428792965261316,0.9331184635062995,0
585,53.99459306149599,2.1809349358962007,0
586,47.646770561141395,-1.0736460867053472,0
587,48.32507319182962,-0.698528926804737,0
588,50.47089673661986,0.42351489228250094,0
589,53.222232296999245,1.8582139130535544,0
590,47.555251374920196,-1.0743968370203625,0
591,50.49807224461389,0.42796228012056586,0
592,53.642597701626215,1.9541841465131522,0
593,46.69648170364147,-1.4728333112813796,0
594,47.43786158630834,-1.118066292239286,0
595,49.15278678707833,-0.24969170331681567,0
596,48.95882317428918,-0.34686547553907743,0
597,51.62520257550729,0.996555667340473,0
598,50.483319439641676,0.3952554004055748,0
599,46.450075880715744,-1.6695893359045244,0
600,51.030820805801625,0.6598042876846539,0
601,48.8449222252887,-0.49040296127675415,0
602,52.54889443388248,1.4131082533669752,0
603,48.74482492712616,-0.5427953983660572,0
604,48.72676943379553,-0.5442380220943344,0
605,51.08226322160906,0.6522346981377468,0
606,51.525852964673874,0.8649534397484335,0
607,50.89619872787241,0.5223188034968546,0
608,46.628805365230384,-1.5943344085346034,0
609,51.0760688798565,0.647242684567149,0
610,47.931383896651205,-0.9095256281122981,0
611,50.470552223176526,0.3704345264687181,0
612,47.15253112920188,-1.2543784515023564,0
613,50.89264429508613,0.6556993171365736,0
614,48.38680219138526,-0.6248025871884328,0
615,47.434730699478955,-1.087309585744113,0
616,51.4276402729648,0.9191973852097631,0
617,50.4832890433535,0.420449169532652,0
618,48.772046397214204,-0.46677049765135475,0
619,52.90235769804213,1.589294937689803,0
620,63.39837287909234,5.064325970809034,1
621,64.34389307017369,4.371558395795173,1
622,64.81750461758902,3.8373166967446166,1
623,63.0403458539746,3.0323549559942236,1
624,65.22195030903168,3.1920479783384863,1
625,63.21277302790237,2.5450329511427814,0
626,63.456401077799406,2.4180876954141444,0
627,67.0049630018385,2.8500205888927286,0
628,62.198505617206955,1.8649765264534652,0
629,59.454117060372845,1.3240395559441511,0
630,67.5015517122556,2.552205541991276,0
631,69.37833362744583,2.642415806453627,0
632,63.46913919133316,1.6370928183451785,0
633,60.406001640991455,1.125154489755238,0
634,63.65870976983994,1.558985064095767,0
635,49.42755410031866,-0.5904042376833278,0
636,49.62015231795549,-0.5522020555273571,0
637,47.773223916156304,-0.8141440082290003,0
638,51.15912228495296,-0.31135889138424555,0
639,51.04901475057217,-0.32879445729529855,0
640,47.011188760361385,-0.9446433969899504,0
641,51.39839346338977,-0.2932380265518217,0
642,54.10536996389178,0.10608823858494222,0
643,50.34392066487412,-0.4748717441432472,0
644,49.32534967586299,-0.6236509966861403,0
645,49.71599357118496,-0.551787665902309,0
646,51.23051353393712,-0.3323460772013543,0
647,46.53865678898556,-1.0410543567022412,0
648,50.32878140595461,-0.46332656197244926,0
649,49.21907210107438,-0.6200999690141245,0
650,53.69565002591209,0.04412980498797479,0
651,49.65165453239008,-0.5709518636646419,0
652,53.335775222239036,-0.00790922143803165,0
653,47.79251860443598,-0.8589965920726461,0
654,51.17451833360558,-0.3531579955568276,0
655,50.63880052758246,-0.4404016228973317,0
656,48.26190550427044,-0.8042723015361595,0
657,50.35479222927388,-0.4779042760056555,0
658,52.4250376736632,-0.16453740864641594,0
659,49.352416591426795,-0.649890722275771,0
660,46.61607470166047,-1.054201043441844,0
661,49.96487434704511,-0.5427843176092508,0
662,48.19515381041497,-0.8001005143990552,0
663,49.31531812267224,-0.6304349439824095,0
664,49.83682446062976,-0.5542535087974291,0
665,46.58869556796897,-1.033714787028877,0
666,46.768683321358644,-0.986468951221105,0
667,50.96413367105105,-0.3517516174076785,0
668,48.95456260766064,-0.6650721933910507,0
669,44.870511316358865,-1.2544515670958516,0
670,51.56968807321627,-0.2587613716587801,0
671,50.54473951054848,-0.41365982671766577,0
672,48.57225035192703,-0.7170700606148742,0
673,47.366339577883515,-0.8857007832716529,0
674,51.67161579262867,-0.2469066980166676,0
675,50.69870124512086,-0.40436589577315873,0
676,54.765204565368144,0.20523088027696257,0
677,50.840377197449875,-0.3924941535807828,0
678,50.77540628252403,-0.4086306606369469,0
679,49.66614413978287,-0.5680400129786976,0
680,51.63355173440158,-0.24374332264474027,0
681,51.25017040249631,-0.27639913031218594,0
682,52.50345001713039,-0.04561506338931514,0
683,48.95735416272543,-0.6027817869126725,0
684,49.12918505411208,-0.5493931797129182,0
685,49.04179365817604,-0.5393099401507789,0
686,51.58160344235798,-0.04898757665970998,0
687,52.996748880593465,0.2784979271921358,0
688,49.0823190137014,-0.48229842361120245,0
689,49.15045254441382,-0.44242332640031484,0
690,50.6281544477396,-0.07469950048772708,0
691,49.5084769999742,-0.3244790147038196,0
692,51.90410730627978,0.5057851221894324,0
693,45.49644541876191,-1.7258937406381003,0
694,48.34658990616621,-0.7611433323345356,0
695,48.43516733207711,-0.7072836283119391,0
696,45.35928797522771,-2.0812473614183165,0
697,48.07272311126239,-0.8203790187119921,0
698,48.16968776830815,-0.750649284209965,0
699,49.59779069096234,-0.07347400844444932,0
700,52.225931783320526,1.1192800812432318,0
701,49.509878697618596,-0.14165690667721748,0
702,47.93837255945769,-0.8598659113390832,0
703,49.88609091757294,0.09058020527089046,0
704,52.098347242882696,1.1317794541706994,0
705,48.04808236777019,-0.7991759571932824,0
706,48.1788502321571,-0.7123680822209173,0
707,51.117097918548446,0.6677320970714232,0
708,49.5569277685384,-0.08462376095286174,0
709,51.29496938141895,0.740986011432181,0
710,49.97270641640941,0.13471689954993213,0
711,51.403327296179135,0.8308241368878047,0
712,47.92984377191872,-0.8705362231308826,0
713,49.975830698423465,0.1520599485706455,0
714,49.57861997127369,-0.037925521941330205,0
715,47.56821815179174,-1.038892484358378,0
716,46.873044104262625,-1.365453234345332,0
717,51.37149807054932,0.891830003923844,0
718,49.29809523556404,-0.1250221010499502,0
719,47.95543943670534,-0.7947822787544907,0
720,49.80764212615333,0.12166428270164623,0
721,52.25603771469861,1.348716459422261,0
722,45.43852430925615,-2.036575876451402,0
723,47.006722620193344,-1.2275168236285792,0
724,48.15422711620946,-0.6525625635788608,0
725,52.922357733440656,1.6026681691881879,0
726,50.565173965838596,0.4401043429041448,0
727,51.534634480922456,0.9073062332834936,0
728,47.71967816174754,-0.939514495517386,0
729,47.76092824945895,-0.9817307282984952,0
730,50.89562743344542,0.6101683019090355,0
731,50.116548661870894,0.21872928147423523,0
732,51.097477637728254,0.6947106880967969,0
733,49.624658018143094,-0.07246805523376075,0
734,50.55628745290925,0.4184915227535373,0
735,50.31623816981022,0.29802909784925286,0
736,51.55553477816985,1.0202117115708624,0
737,51.61401656388894,1.0388953408783006,0
738,46.76025601121646,-1.5321753026888427,0
739,45.50546288931829,-2.081961499293826,0
740,52.003490795303016,1.2437212895964196,0
741,52.37545018652387,1.4086562966108207,0
742,47.958753960973326,-0.796456449422576,0
743,46.280329186908745,-1.5983832636959447,0
744,50.1980696420144,0.35655750555735966,0
745,51.86167645270106,1.1534068240157207,0
746,53.59518904486863,1.946586403479679,0
747,51.0325951442029,0.7383873630625414,0
748,49.25656660682861,-0.13822224634702934,0
749,48.213738756830274,-0.6424227879641944,0
750,50.022902583341306,0.2518428263640912,0
751,49.40147059222949,-0.053188129290743714,0
752,47.96986418854237,-0.7310826565118568,0
753,54.09751130172657,2.214637452684716,0
754,53.57033680414426,1.8610136630094234,0
755,52.27209736711086,1.1988683247171683,0
756,48.15829920438175,-0.7954476258306492,0
757,51.710038648594555,0.9107075336110467,0
758,51.2792528189958,0.6762232840894559,0
759,50.88509124840811,0.4720143609416952,0
760,52.499330534087555,1.254982334394801,0
761,51.270742285722555,0.6400688148820769,0
762,51.48002847260867,0.7158142753059603,0
763,51.27381256674442,0.6021299708064185,0
764,50.68158281600421,0.3283233012593937,0
765,46.43277774057163,-1.7090331495891402,0
766,50.16724215482112,0.07251059151904725,0
767,48.88761608230175,-0.5292803660581809,0
768,47.44031808471996,-1.1985186175635716,0
769,53.36363323860165,1.5893303101691774,0
770,53.457990681771406,1.5717904414491952,0
771,52.71844120059122,1.2104507517388545,0
772,50.51042683371175,0.1871343206908824,0
773,52.70125024190531,1.1579607490489998,0
774,50.02410636120365,-0.05959540010872341,0
775,50.40559455379556,0.0931615301332933,0
776,47.81305725907603,-1.1153965537745458,0
777,50.79398260899768,0.2718707057965614,0
778,50.12077185684883,-0.04732327087146903,0
779,47.39469576633107,-1.30454845538682,0
780,49.89760577636681,-0.14675823539654523,0
781,49.84054087228638,-0.1557090285552298,0
782,53.59512233328928,1.5666758671360952,0
783,51.78842665702682,0.6789990676526281,0
784,50.022890878182935,-0.1953099334865448,0
785,50.49757461960217,0.058047938215332065,0
786,50.0884247562084,-0.14128324065560274,0
787,49.594172030408906,-0.37139624420226724,0
788,47.835145605223424,-1.2493012919527795,0
789,49.69789624478614,-0.34178906453720714,0
790,48.507803486694975,-0.9165639327296857,0
791,47.49936892215371,-1.3776161318827982,0
792,51.02244362909507,0.36150054892868244,0
793,50.78252931986647,0.23367266424840236,0
794,46.42658497726384,-1.8283950508768547,0
795,49.75463072500975,-0.22832611940861933,0
796,51.99140277179985,0.8378584499157244,0
797,52.11844747779264,0.8917378369117153,0
798,52.051673685770474,0.8330518649489813,0
799,50.07782641380292,-0.1699678255930262,0
800,66.6859991463522,5.58707303240152,1
801,66.20869214757438,4.381787744672884,1
802,69.06529961179122,4.254477812403811,1
803,69.13464987102083,3.6990095803123437,1
804,70.95075202550063,3.550117182773239,1
805,70.57604910297466,3.121254928326059,1
806,68.11163248922816,2.5119390253273663,0
807,65.88767804456876,2.037741896556316,0
808,67.7378766082687,2.186965422810406,0
809,68.81055219191154,2.207263186155454,0
810,67.97192331151169,1.9780251708729648,0
811,67.22030158613518,1.7869102970961874,0
812,68.8818594322303,1.9126783045253208,0
813,67.36817431946928,1.6444408852158268,0
814,67.11995763483975,1.550537272441936,0
815,50.622905668606876,-0.5230588965944739,0
816,49.19601483974159,-0.705888876469387,0
817,50.48820877795671,-0.5398788944808485,0
818,50.54640804570425,-0.530616354380482,0
819,47.72114199781685,-0.8751871811234164,0
820,49.037517752269174,-0.7006956508698068,0
821,52.87555387983292,-0.22564491416057916,0
822,47.675840974531425,-0.86250277482156,0
823,45.766691102058935,-1.0788792991243203,0
824,46.276309693514975,-1.0002946948879377,0
825,50.058219893153336,-0.5482553092238331,0
826,50.0618345560654,-0.5475293724461057,0
827,49.76477828914976,-0.5865536875913016,0
828,52.428379657857,-0.27037596660777874,0
829,44.65433113379412,-1.2005748441849518,0
830,50.79186774886165,-0.44341132008248574,0
831,53.122876403607144,-0.15946761698970083,0
832,47.74443847021657,-0.8080684372010295,0
833,49.24038697642021,-0.6171094786756195,0
834,48.49421616554276,-0.7032348430922388,0
835,48.21130790784494,-0.731098129997925,0
836,49.34747598995392,-0.5982024416971068,0
837,52.85497056736901,-0.17786639303312832,0
838,53.67477335097504,-0.08583873980734777,0
839,49.32812154991971,-0.6197202970000779,0
840,53.81012042812894,-0.08167883682273401,0
841,50.071152953969246,-0.5391060952027696,0
842,53.50738205340216,-0.11898634749522545,0
843,49.81340270069302,-0.5653577989936753,0
844,50.26211565209229,-0.5112415141104141,0
845,50.73094894528567,-0.4546141655536447,0
846,56.35770735873507,0.21978613872505015,0
847,51.702571149689575,-0.354541073882676,0
848,48.585470940097075,-0.7389748365312001,0
849,51.93799574055171,-0.33292927488538065,0
850,49.276334925831314,-0.6625534808078936,0
851,49.020499634197584,-0.6989226122657163,0
852,51.81720271978422,-0.3556367501476324,0
853,50.062171175542304,-0.5704461315806807,0
854,50.55715182902361,-0.5213328523028697,0
855,50.02797044373059,-0.5878429054636117,0
856,50.67316625321087,-0.5043387824634807,0
857,50.8499317948723,-0.4792589864553553,0
858,46.126066134589166,-1.043789091858776,0
859,51.333145337219065,-0.40672274022793226,0
860,48.0359611603394,-0.7852284899665046,0
861,47.115401728881174,-0.8714490266406162,0
862,49.883177512282636,-0.49581963462315204,0
863,50.16796200662891,-0.4322134275100723,0
864,48.61298767085544,-0.6205942152598685,0
865,51.66206371533595,-0.1530421064458926,0
866,47.315649667258185,-0.7843976061456034,0
867,49.18611250245488,-0.466326603343906,0
868,48.830251730134,-0.5006642615739147,0
869,49.90682545932132,-0.2832475177175073,0
870,50.557728569294476,-0.11827163104945758,0
871,47.98421410075291,-0.6357802655736907,0
872,51.44856535491245,0.24359299469493453,0
873,50.1260047366694,-0.03754177733184381,0
874,46.21610749337618,-1.6949514154363403,0
875,46.08281711920594,-1.6807260081004154,0
876,49.975361414141375,0.0655037454086476,0
877,49.55806536442729,-0.11553304981844537,0
878,49.793159772850736,-0.003927370895032763,0
879,49.944035086939564,0.047783247385188375,0
880,50.45111967902036,0.2677128894750446,0
881,51.8952992196966,0.9401621144567426,0
882,47.77779019816489,-0.9504765968231114,0
883,47.65605681419841,-1.0432737927339508,0
884,47.81335228422523,-0.9979184226236935,0
885,50.57783333433741,0.31665155565854275,0
886,52.48989475729289,1.1939832328222513,0
887,49.13732112352098,-0.37919464360849137,0
888,44.996600311680695,-2.197838950261751,0
889,46.592014274779245,-1.5301588901531746,0
890,48.333926554407974,-0.6916269857867345,0
891,48.88454222500957,-0.40872741082301484,0
892,49.183222745490546,-0.2795567392356476,0
893,50.07716224596184,0.14377461939876776,0
894,49.376507338355104,-0.20103461368515962,0
895,52.09867922108681,1.0759973910606555,0
896,48.64796538863726,-0.5740306975137602,0
897,48.27536408104891,-0.7258212744876243,0
898,50.957751077040925,0.6163393036970265,0
899,46.92871586014776,-1.3558655469195577,0
900,50.77938341064,0.582896535718764,0
901,50.20510636745254,0.2893969147608609,0
902,49.70511502016367,0.06960982330363732,0
903,53.176552214298525,1.814896533659461,0
904,48.75558510941056,-0.43367606258469465,0
905,54.120596341048156,2.190147367984885,0
906,49.5491371015438,0.0012113017639406424,0
907,47.44596711005954,-1.1066183848265234,0
908,50.13983916198965,0.3481189467335363,0
909,47.84750959936246,-0.8732334907365507,0
910,48.496488304373,-0.5077020527123439,0
911,50.79406660003098,0.7350578971676552,0
912,51.11116417730025,0.9216357297941316,0
913,48.75566459949148,-0.3641935375383164,0
914,51.974810290092805,1.3779625074766624,0
915,52.315015516042266,1.5128120788753734,0
916,52.872603513126585,1.7489269879155858,0
917,51.05882681425145,0.8012033801020559,0
918,52.7268574241714,1.618890840962698,0
919,46.23840314405189,-1.6953881029947535,0
920,49.36418690274307,-0.10396230468190591,0
921,48.265989487353146,-0.6867626055237421,0
922,50.23845172225479,0.33687262346270125,0
923,48.85710156160653,-0.3702671729640801,0
924,49.667684316100534,0.04222065328881291,0
925,53.7643497604081,2.096768923770969,0
926,49.660560407159245,-0.00011745410661588296,0
927,50.82758463438043,0.5822001930640324,0
928,49.53546134015153,-0.08415553162078729,0
929,50.15142657591367,0.2289101173672472,0
930,50.012033360872145,0.16248130796244628,0
931,50.89664813194632,0.5929607512779794,0
932,52.33061507109436,1.3116718745836298,0
933,53.29478799520666,1.7304356746209264,0
934,50.61924016381833,0.3750427142276803,0
935,51.179093772071205,0.6362258290525075,0
936,47.698270981628866,-1.1605960654019971,0
937,49.82424651516876,-0.05796751461584585,0
938,51.880578929767175,0.9847293233404512,0
939,51.73193727683431,0.8866660778280251,0
940,50.4232194655901,0.21678789314002977,0
941,51.77278791913591,0.9098261166902141,0
942,50.981533417987634,0.48131619616772137,0
943,52.40061251651864,1.1761774779198257,0
944,50.57871831391422,0.210990711629414,0
945,49.28860336885793,-0.4536727823767455,0
946,50.671682513866045,0.2900579684590333,0
947,44.138811248294445,-2.9005037125257553,0
948,50.7657714727701,0.3262423742012842,0
949,42.70317434957043,-3.501829752044748,1
950,59.061407804673934,3.685427202802449,1
951,63.41187182136674,4.41572336942171,1
952,63.46339329401836,3.7836220621281886,1
953,60.18347705920491,2.594687201580712,0
954,61.08413053572689,2.6249547916902576,0
955,65.24941659671303,3.301934555813885,1
956,61.54027435633942,2.2719811870828406,0
957,66.99417524429074,3.1465846389960754,1
958,62.50449491313208,2.091364477032382,0
959,63.32440697324731,2.131790028506227,0
960,65.74208341648199,2.4208655108407244,0
961,62.77038885187161,1.7883547355842209,0
962,60.503646658103165,1.3335784958700085,0
963,62.28887971609619,1.5862424339556813,0
964,62.43711314710459,1.547194663818426,0
965,47.27051669559687,-1.0002060758750346,0
966,49.488335857318354,-0.6265733080497657,0
967,48.51561581200512,-0.7954688835021319,0
968,51.84871551437487,-0.23809833132382158,0
969,50.06922374837051,-0.5478464577538741,0
970,49.43440850170486,-0.6596737678171135,0
971,49.78763613875485,-0.5957977213851183,0
972,50.44624403681233,-0.4815639492264422,0
973,51.23362839937956,-0.3562710912104801,0
974,48.00057554266124,-0.8905851951863195,0
975,47.916824734757455,-0.8864856916326481,0
976,52.20935843080506,-0.16203425988338582,0
977,49.17532625559054,-0.66553673031607,0
978,47.166315814806254,-0.9790158269949429,0
979,50.88762541876621,-0.37623945337334685,0
980,50.926739612065376,-0.37488272833245795,0
981,46.93856948548659,-1.0394735174543055,0
982,50.45896343092721,-0.44913858573117954,0
983,51.47116618485675,-0.2875312035584945,0
984,50.74877290341253,-0.412993073548816,0
985,51.263962967522794,-0.3187153891424747,0
986,47.1914618038185,-0.9932947806364937,0
987,50.66208030999239,-0.41047951353444473,0
988,49.39476048105911,-0.6225162549025848,0
989,49.03441968255071,-0.6785585691890302,0
990,51.74111121883945,-0.23073534010770438,0
991,52.95854902134846,-0.03237794335579106,0
992,53.58874010920072,0.06991567879767505,0
993,52.62961574301181,-0.08926832655652442,0
994,49.78053163673963,-0.5646259566421511,0
995,50.70544032605269,-0.40798695749809355,0
996,51.533645743568485,-0.2817115424963088,0
997,50.24235589859892,-0.5010766375333969,0
998,50.26152837582309,-0.4924658712921339,0
999,51.64750626375236,-0.258606860228898,0
1000,49.88143470794814,-0.5543005242619343,0
1001,48.54142612725268,-0.7673429523300531,0
1002,49.171053868328286,-0.6550323078783883,0
1003,51.26782075546748,-0.30110711771214554,0
1004,50.00598658239991,-0.5099597694820758,0
1005,50.680419953736674,-0.40204821876697694,0
1006,51.34015848440438,-0.2937337985310746,0
1007,49.25031707420478,-0.6683902468248367,0
1008,51.51249632725961,-0.2859480019295272,0
1009,50.75768520691679,-0.449030400195947,0
1010,47.53037382617704,-0.979926639334457,0
1011,52.88460958237249,-0.013385562188062318,0
1012,48.99851051248617,-0.6880529183885847,0
1013,46.68980931362963,-1.0805887621533752,0
1014,47.909912580827395,-0.8261464084636688,0
1015,47.957909678643354,-0.8010797934673355,0
1016,50.10434663731507,-0.346842684897701,0
1017,49.45229898890753,-0.46022941386892174,0
1018,49.32633606471882,-0.4634295668138782,0
1019,51.239403930964954,0.04040592824355904,0
1020,50.67975072238541,-0.04414292640063072,0
1021,50.63209574128857,0.0013859657847321986,0
1022,50.819656914657386,0.1291206104228352,0
1023,51.23226933600448,0.4212189407267581,0
1024,45.784093316445116,-2.5010961186878844,0
1025,49.27112349547108,-0.4642376747605487,0
1026,45.639579871021056,-2.4828211087364758,0
1027,50.07211985359559,0.04167018825266007,0
1028,49.99073405555131,0.012738725923185016,0
1029,52.09106454957936,1.2004088829067083,0
1030,52.375268785442245,1.3166917970795065,0
1031,50.40555009650473,0.19472172387210618,0
1032,48.9992778452062,-0.5868402502302791,0
1033,50.97032222509148,0.5302921992766277,0
1034,48.94416472535137,-0.6304305066356871,0
1035,49.9972146971133,-0.05001683810690307,0
1036,51.972272633921534,1.09676784964653,0
1037,48.884457308021155,-0.6887494157029095,0
1038,51.611357278485,0.8618735236294668,0
1039,51.3548027373846,0.7042012123812759,0
1040,48.090416365738356,-1.1747702504479192,0
1041,51.947788256434805,1.04238049092776,0
1042,51.39713269074301,0.7031209788153454,0
1043,50.20385177474532,0.009689664868633669,0
1044,48.4753530839447,-0.9878996558358955,0
1045,48.28158796284886,-1.066313721333278,0
1046,48.92467484619395,-0.7212813076043838,0
1047,51.08518892658392,0.5675336887155953,0
1048,48.088749665197206,-1.1978302736472701,0
1049,50.87502449723974,0.43268560541358597,0
1050,47.516488942243214,-1.4976701842623557,0
1051,49.5918628311223,-0.255899051259125,0
1052,50.21929550914802,0.1607889797649498,0
1053,54.89026029011784,2.8979991035038823,0
1054,47.24536868895927,-1.5727838842513704,0
1055,52.94402913298027,1.671248772708331,0
1056,50.29968482797456,0.18555931731487715,0
1057,50.822343836031926,0.4772581192334268,0
1058,50.23669582677641,0.14411298278402562,0
1059,50.88945363639046,0.5257420831008706,0
1060,49.69262979127596,-0.15744834086930753,0
1061,52.908100362914915,1.6130484287049982,0
1062,49.08705771155056,-0.5353444898309174,0
1063,52.26446914435849,1.230684065109253,0
1064,48.711265759573955,-0.7336955091065556,0
1065,49.87949630719743,-0.07846574882898365,0
1066,47.85607489541956,-1.1613237515999961,0
1067,50.91004744069504,0.5065019223169042,0
1068,52.89025191385307,1.56036591786229,0
1069,49.84528764035829,-0.08303644674790871,0
1070,49.60622860259218,-0.23522317686568778,0
1071,47.770766073864145,-1.2112310213035855,0
1072,49.54141469289539,-0.23146876269045144,0
1073,46.81441148055694,-1.756678933449418,0
1074,48.17424402656235,-1.002102079792782,0
1075,50.45357209221827,0.254113930958527,0
1076,52.63802639548279,1.4403550498250992,0
1077,55.618421722459004,2.8257007782410946,0
1078,48.8268298298582,-0.6775712275148413,0
1079,52.87060031329088,1.3737553683145507,0
1080,50.48750496080329,0.16385738446190784,0
1081,49.697504706507246,-0.23001085715900915,0
1082,50.86518890345231,0.3634389604444395,0
1083,50.12383296735992,-0.004180064797864193,0
1084,50.220791451224436,0.00789546371760423,0
1085,49.18333367434666,-0.5439959324580784,0
1086,47.203780680402296,-1.660538098133169,0
1087,46.912749594955834,-1.7438481821341958,0
1088,51.30648976656246,0.5893039966828679,0
1089,49.44659981982857,-0.38052262660541203,0
1090,48.80782220068767,-0.6970372424503157,0
1091,50.017011253446306,-0.03941168338883928,0
1092,51.58986450583126,0.7864323162160174,0
1093,50.3607278860528,0.12861152135654025,0
1094,48.68789012671807,-0.7722985339893261,0
1095,52.4525859112979,1.2218220982494494,0
1096,53.15837100596326,1.5660827656251188,0
1097,50.989113310645706,0.40832852716589885,0
1098,51.94732702268818,0.9081579879631021,0
1099,52.48391999362762,1.169963797961778,0
1100,74.07406964533905,6.479974042020103,1
1101,73.04206936675527,4.7629497871226665,1
1102,73.01056510667978,3.986524222682431,1
1103,72.85319215922303,3.4640152573606224,1
1104,69.61919566343593,2.6957089707956663,0
1105,73.21531732624919,2.9463652473364186,0
1106,69.1022430702769,2.217503311703286,0
1107,70.2246721022799,2.226700153282545,0
1108,74.42100114814619,2.568367394340194,0
1109,73.49431133791842,2.2975264170793364,0
1110,74.78866759190174,2.2965657487253077,0
1111,71.27052224515543,1.8098941564310203,0
1112,69.50937332997648,1.5511107496788705,0
1113,71.33299661838933,1.6762363480104212,0
1114,72.01793360701117,1.6738988803633463,0
1115,50.15797743268002,-0.5797008648754851,0
1116,52.267360957513404,-0.3660912842818021,0
1117,49.277459149993106,-0.6712509218613275,0
1118,50.70406894360585,-0.5251379891413468,0
1119,48.02274570113079,-0.7943142185332469,0
1120,50.900634556087624,-0.5009616983189731,0
1121,50.00621710037127,-0.5867790354052768,0
1122,48.50037332343096,-0.7399644395656572,0
1123,49.52834127565029,-0.6282648209283233,0
1124,49.631648506969555,-0.6199133868192093,0
1125,49.45968974132581,-0.6365437507537912,0
1126,53.54268248453537,-0.22891653197518488,0
1127,49.80310799538424,-0.6116287964178926,0
1128,49.51220777964532,-0.6340382155883846,0
1129,45.805098084779715,-1.001958180912548,0
1130,48.211585296041044,-0.7527412818191405,0
1131,49.4738531510873,-0.628337586566731,0
1132,48.62829464764671,-0.7123687415781085,0
1133,52.763415186755594,-0.30257938418391267,0
1134,49.67012444920756,-0.6237423745567078,0
1135,52.57688849863651,-0.3290420990905394,0
1136,50.12340926810074,-0.576260308100701,0
1137,50.07445567284315,-0.5701911136467207,0
1138,49.822407104575,-0.5983961317119662,0
1139,50.00759250324292,-0.5732720236868326,0
1140,53.43759000609972,-0.2275471589240019,0
1141,45.36077854649756,-1.0422089811841735,0
1142,45.99690851112264,-0.9632252740885676,0
1143,48.913658337887775,-0.664776342863546,0
1144,50.029055763875135,-0.5514676400240944,0
1145,51.380208849528024,-0.41928429008025864,0
1146,50.94617439605495,-0.47161032628985566,0
1147,49.23150817423886,-0.6521391605569734,0
1148,52.038087386483525,-0.3669196079979491,0
1149,52.06039080630546,-0.369931106417644,0
1150,50.36811566254313,-0.5468438074219463,0
1151,51.92531514497368,-0.39097918264553533,0
1152,50.54529052686426,-0.5305403184452613,0
1153,48.87703394643423,-0.6981581966707563,0
1154,51.39563367800001,-0.44583365162197147,0
1155,50.221226245157354,-0.5617432988535097,0
1156,50.00267969350897,-0.5774431152646992,0
1157,52.94590714437915,-0.2798360825674973,0
1158,45.098255742919825,-1.0633861883291806,0
1159,47.16463165968086,-0.8399334524854017,0
1160,47.62585914725126,-0.7687154185106778,0
1161,49.27347870486239,-0.5725263130363101,0
1162,49.49078366046794,-0.5239490086887645,0
1163,46.985348704453905,-0.7773818347431063,0
1164,48.029683935378344,-0.6333002795416486,0
1165,48.27831664295286,-0.5814406621709651,0
1166,54.914848184151786,0.26709294224253943,0
1167,53.60348389549429,0.14244812918347727,0
1168,49.1765011646307,-0.4168553850861869,0
1169,49.2728334193864,-0.37665897026732764,0
1170,47.70159200562341,-0.6217253870464042,0
1171,46.18373917354947,-0.9111671614825468,0
1172,49.766239627182955,-0.16431622860322997,0
1173,48.00429603351195,-0.5939594812016321,0
1174,49.83029893667598,0.0422417485266784,0
1175,46.79958830191305,-1.3662092508232857,0
1176,48.47605108337948,-0.5486167416527153,0
1177,50.29725419060566,0.3139692984520092,0
1178,50.73241919556787,0.5216516578929095,0
1179,50.834943917484026,0.5496562858423266,0
1180,47.359022031685925,-1.0794900634703346,0
1181,51.70937146027112,0.9685248767506932,0
1182,48.3995766067963,-0.592314842132043,0
1183,51.265715829214614,0.7424192138941278,0
1184,49.978722646763615,0.1354965049468383,0
1185,47.24722500184411,-1.1172148940848523,0
1186,49.36760459083762,-0.10323082475049125,0
1187,50.730727484127534,0.5395663292891176,0
1188,51.2259307609492,0.7582801939162676,0
1189,49.71802420511116,0.01230537587616167,0
1190,53.06355778120211,1.5792242314882332,0
1191,52.01502154197312,1.0457577331823948,0
1192,49.4866917672005,-0.16384981800889825,0
1193,51.50024362427389,0.815415345601325,0
1194,53.86758697037637,1.864816546916483,0
1195,53.92096920156605,1.8486353791394652,0
1196,47.544000238355004,-1.0544528114714469,0
1197,48.146933777685696,-0.7613820074602751,0
1198,52.9698375734677,1.3779779489028838,0
1199,47.88343789832473,-0.868224652620087,0
1200,47.35491773341664,-1.0705659445529465,0
1201,49.027611738601905,-0.3596517259196859,0
1202,50.840453418949174,0.45500081681226373,0
1203,49.79520658677781,-0.04935408357376844,0
1204,48.698872759188816,-0.5598177551408884,0
1205,48.651575076550984,-0.5616349186438439,0
1206,48.575325871174584,-0.5788594832946762,0
1207,48.24098074268211,-0.7272372350961304,0
1208,54.56326575455212,2.177661240345582,0
1209,50.59502214237111,0.3710743392074578,0
1210,51.773518108809476,0.8995436827146918,0
1211,49.02184506376215,-0.3452685425744642,0
1212,49.6280866456279,-0.05764781077247217,0
1213,48.57289203725929,-0.5436269005065952,0
1214,44.696583330161594,-2.199727970945415,0
1215,47.24398144630427,-1.0340637380928237,0
1216,46.37876264003921,-1.3672218566013834,0
1217,45.50043244409679,-1.6852750424821563,0
1218,47.609282051403795,-0.8124103696551869,0
1219,52.64991135876326,1.3692683984015623,0
1220,49.91112766459129,0.1495030115758022,0
1221,52.58112752464235,1.2871715150561305,0
1222,50.82196515380175,0.5095712444533043,0
1223,51.56511765143032,0.8044871095781183,0
1224,48.19820600939085,-0.6706620358138236,0
1225,51.04790190838534,0.5576719284070265,0
1226,51.45742846814869,0.7937959613008916,0
1227,48.84670541553261,-0.37121826043672096,0
1228,51.11908074123233,0.6762466655201242,0
1229,51.13237551714967,0.6656243754276064,0
1230,48.900894757739835,-0.38456705719933876,0
1231,47.75446313545801,-0.9491557024788442,0
1232,47.631743336203456,-0.9823681061488763,0
1233,50.17301108384292,0.20130252138336677,0
1234,50.65401973757863,0.422418225890386,0
1235,48.41494833908417,-0.6601959414524958,0
1236,50.053170682652194,0.114400733319828,0
1237,51.14107407227697,0.6300149395105422,0
1238,51.2363814293306,0.6702533767357095,0
1239,53.10376024024498,1.519228048460501,0
1240,52.553961664396084,1.2188112251503276,0
1241,47.99741713448691,-0.8942542706705038,0
1242,53.36717241907604,1.5626243695759579,0
1243,48.93804699088857,-0.46546588475808826,0
1244,52.08974562490886,0.9675788087671786,0
1245,50.135973252102175,0.05015525712953212,0
1246,49.17570124308607,-0.3946171974001636,0
1247,46.384606280450136,-1.6214621721832945,0
1248,49.6568709795673,-0.12279104624052511,0
1249,46.88123352938878,-1.3448064560661792,0
1250,51.93459847168555,0.9401300895020502,0
1251,53.0335853142785,1.4172249609039467,0
1252,48.40617802140662,-0.6501937946762938,0
1253,50.60394148503854,0.3411972394221893,0
1254,48.54921695598405,-0.5562522740243928,0
1255,48.74303053972642,-0.4406177751294885,0
1256,51.548989407730744,0.8644627303555139,0
1257,49.92292347631317,0.07535916547847109,0
1258,53.479296083862025,1.7634142965181483,0
1259,49.035535042594155,-0.36280353008312904,0
1260,51.99867266494898,1.0216075173609354,0
1261,50.19482682591556,0.14642965488692974,0
1262,51.591556019488465,0.80866765370201,0
1263,49.10568468534011,-0.3756926568126237,0
1264,49.900882324896834,-0.004977297267383018,0
1265,49.76900224140213,-0.07739958187534957,0
1266,48.32788577030843,-0.7676317351733747,0
1267,51.324163069163504,0.6484398197109174,0
1268,51.300498011156726,0.690121973460719,0
1269,51.187109389811134,0.6268624216015423,0
1270,53.07393130783529,1.538026086124699,0
1271,52.89868960247261,1.3981965622850203,0
1272,49.250110620301726,-0.3698962587458962,0
1273,50.74610463686836,0.33933651560336103,0
1274,48.75279862148358,-0.703210522293859,0
1275,50.046710632229114,-0.06121732488851217,0
1276,48.80050110176227,-0.7602810147219561,0
1277,53.2401406182721,1.6330952383784392,0
1278,50.727396300685925,0.19653868714235573,0
1279,49.563941743791155,-0.4465918812913025,0
1280,52.38723714371275,1.1558818993095588,0
1281,45.65876918040918,-2.527160502458685,0
1282,45.97179481026942,-2.2129385765810516,0
1283,51.59167731043955,0.7433125995212249,0
1284,50.12093689623474,-0.047609873216788556,0
1285,50.500892600521524,0.1592188401647273,0
1286,47.347207793362905,-1.4595767632841747,0
1287,49.95353257829927,-0.1040831316939406,0
1288,54.007018820802685,1.9407874663933151,0
1289,51.648399239591726,0.7321660652761879,0
1290,50.339413090285625,0.05474382929604389,0
1291,49.12189217979012,-0.5845878427599873,0
1292,49.21085429626121,-0.5596803066339975,0
1293,45.741604221599964,-2.232553798523029,0
1294,50.51528084184232,0.1551141757135062,0
1295,51.69096621696371,0.7174860989322306,0
1296,46.84876134565877,-1.6435724341999967,0
1297,48.677166215386364,-0.7264182098408695,0
1298,47.68507073553316,-1.1705598625387412,0
1299,48.06929761038247,-0.9542080677340786,0
1300,66.79701404377052,5.577412302762487,1
1301,62.52124648014977,3.5925721325193805,1
1302,67.91859166684085,4.2754516918065715,1
1303,68.19776092999409,3.7263024152112147,1
1304,66.1878456140529,2.981032498637496,0
1305,61.72863377015764,1.9799387538597313,0
1306,64.69721353812194,2.3826060350762326,0
1307,69.15585465833212,2.9188360242446323,0
1308,61.13406222866958,1.4840536132179982,0
1309,65.99500396573968,2.1715444438136533,0
1310,64.3300492331922,1.8136979662285184,0
1311,68.2991913932964,2.289478629048558,0
1312,65.3398228858398,1.7599847933622828,0
1313,67.49795883159794,1.969818407278779,0
1314,67.8209716284649,1.9155464739167738,0
1315,53.67245167946004,-0.055226649693180876,0
1316,49.59411611264926,-0.6166164931766683,0
1317,50.752088739245224,-0.4582788177787665,0
1318,47.02988904174513,-0.9529754410740713,0
1319,52.38082712658749,-0.2238444327428239,0
1320,48.47898230385727,-0.7522865246569692,0
1321,48.878491671824506,-0.6929456329754534,0
1322,49.95550441030158,-0.5402297118604729,0
1323,46.8742313093203,-0.9540906224328043,0
1324,50.45754005785788,-0.46583992556440856,0
1325,51.934932545850025,-0.2692548681172874,0
1326,50.585867646994586,-0.46080937007710737,0
1327,46.82220487164255,-0.9613662021933777,0
1328,49.75238141134068,-0.5567826125733252,0
1329,51.48405780595898,-0.32143227985617395,0
1330,46.24402246806818,-1.0115690460560471,0
1331,47.85046797236457,-0.7790162380757063,0
1332,51.75308720816304,-0.2604174014603608,0
1333,50.540190868394575,-0.42338605381027644,0
1334,50.82394316425351,-0.39076860634352945,0
1335,53.71898961524662,-0.007867042551342853,0
1336,50.93710555701241,-0.39040431224611527,0
1337,51.31577602086636,-0.33433470379769414,0
1338,55.42149105443665,0.21218861438763884,0
1339,49.57239088381902,-0.5820822599924262,0
1340,48.40423447276301,-0.7285886518359032,0
1341,50.855592796494264,-0.412563645724932,0
1342,50.87798205877779,-0.4242910142813166,0
1343,48.946569216107584,-0.6819071313693906,0
1344,47.93520596089031,-0.8129071420923953,0
1345,54.61968884418015,0.09184859858301302,0
1346,50.65368694077605,-0.461358655367642,0
1347,48.53542923719585,-0.7481631941957952,0
1348,51.831860604559196,-0.2900444443001725,0
1349,49.78170969687733,-0.5661735795978257,0
1350,49.494237107364334,-0.6029908962749897,0
1351,51.12454574382899,-0.3853170672798338,0
1352,47.41623546353662,-0.8872304790845542,0
1353,50.705254407834346,-0.4527582009991814,0
1354,53.8259096154635,-0.02968267220055497,0
1355,50.93235532439462,-0.4278397145391596,0
1356,49.24757579243307,-0.6693488176492329,0
1357,48.98578943914352,-0.7067885052441156,0
1358,49.17932005330978,-0.685256986497053,0
1359,49.49207464390444,-0.6466026693328043,0
1360,49.24438693448346,-0.6559219228858546,0
1361,51.83262288214913,-0.26352234759835935,0
1362,46.53358179358203,-1.0090989036784033,0
1363,51.72400010082427,-0.20217210056669707,0
1364,49.24062694971488,-0.5649509453312799,0
1365,50.75389557139074,-0.2961332010350483,0
1366,47.74602417959827,-0.7673849366513598,0
1367,52.65726213369887,0.12076980467543709,0
1368,52.49126992034375,0.11965742130439276,0
1369,51.919181051500146,0.06014208146429105,0
1370,46.970490448412924,-0.9179560756004099,0
1371,51.6582421421321,0.14461010881939998,0
1372,50.80971017527142,2.709053657949098e-05,0
1373,46.789457505734866,-1.1922331777442345,0
1374,49.95140523245837,-0.10367644045445394,0
1375,50.72906897806652,0.30182501632328346,0
1376,51.1121505476463,0.47775642259907175,0
1377,50.35452273389771,0.10765642651432752,0
1378,50.58246283369476,0.19480051520542144,0
1379,52.94722278450619,1.3721935397704026,0
1380,52.45206781982136,1.0871326946075555,0
1381,44.26589009243451,-2.7650274344855976,0
1382,49.365122890324635,-0.3816818616579997,0
1383,49.6706979449121,-0.26639380928179474,0
1384,46.495802854546056,-1.700583264172424,0
1385,50.18836611646462,0.024468559333528594,0
1386,52.49751554482101,1.0756326726036045,0
1387,47.82686428081882,-1.0999325475346393,0
1388,50.67280187737975,0.2206490458314758,0
1389,48.16835304540712,-0.9180474452554643,0
1390,48.656175952640645,-0.7277495876526887,0
1391,52.95478726834007,1.2739111244340386,0
1392,48.91488435977635,-0.6210232032695953,0
1393,50.92442497802125,0.3300519273529395,0
1394,46.257563767878025,-1.7975686404748348,0
1395,53.72463512278976,1.648134408421394,0
1396,51.205304892613,0.4831203664962138,0
1397,49.635000314699475,-0.22838623816909476,0
1398,51.15109301999979,0.5317748688117026,0
1399,47.18036114210438,-1.3593889842600055,0
1400,52.365061483505315,1.0868888489873352,0
1401,49.35203044900714,-0.3371161282732388,0
1402,49.59186096990313,-0.21278112160450616,0
1403,49.01668877006903,-0.48788534096541253,0
1404,48.83869719450883,-0.5833996988617706,0
1405,51.389341223256814,0.6933274439436853,0
1406,50.51181370020844,0.256603372051073,0
1407,51.30349628280608,0.6296014442884723,0
1408,49.982410621028855,-0.015495898755107596,0
1409,51.026399622154365,0.4985587010582745,0
1410,49.16230251214992,-0.43465141108110555,0
1411,54.4594636828191,2.1149887920963497,0
1412,46.864139167139,-1.5420649598545815,0
1413,52.52187464712597,1.1484244539295518,0
1414,52.73581490144194,1.2757836559706452,0
1415,48.29568238806881,-0.8376217500031099,0
1416,54.45854722111195,2.0045164597267466,0
1417,51.99098056589064,0.8356256102983073,0
1418,51.942278013645826,0.7890973579495767,0
1419,50.05604437405175,-0.08250700900678186,0
1420,49.56554768356265,-0.31098597602874406,0
1421,49.58118234592079,-0.2876315153942816,0
1422,50.78106119263904,0.2404325726459449,0
1423,52.802372550067794,1.1807048890885878,0
1424,50.36262843572284,0.02450733787172606,0
1425,48.17711275372542,-0.9775249087281325,0
1426,51.64885412476996,0.6208390034786345,0
1427,51.84230149278959,0.7227854418237534,0
1428,51.309319056895575,0.4826928207306612,0
1429,51.490997813049965,0.5742851470940521,0
1430,49.45814373968438,-0.4283000821106792,0
1431,48.14202166573884,-1.0374308378071142,0
1432,48.26361313871844,-0.9507232320813624,0
1433,46.72907350308429,-1.6897379510715382,0
1434,50.473897223091896,0.1126306610142815,0
1435,49.83310243354681,-0.18934218498152108,0
1436,49.12002459094058,-0.5170198783754163,0
1437,44.08876235130986,-2.704285488342766,0
1438,47.50536506061166,-1.1289090454590351,0
1439,52.241681302806334,0.9947873103270272,0

=== /Users/shashidhara.reddy/Implementation/simple_aiops_pipeline/artifacts/metrics.json ===
{
  "precision": 0.9737,
  "recall": 0.3083,
  "f1": 0.4684,
  "true_positives": 37,
  "false_positives": 1,
  "false_negatives": 83,
  "z_threshold": 3.0,
  "rolling_window": 60
}

=== /Users/shashidhara.reddy/Implementation/simple_aiops_pipeline/artifacts/raw_kpi.csv ===
timestamp_minute,kpi_value,ground_truth_anomaly
0,50.609434159508865,0
1,47.92003178751901,0
2,51.50090239161291,0
3,51.88112943278243,0
4,46.09792962269233,0
5,47.39564098627537,0
6,50.255680806334574,0
7,49.36751481531284,0
8,49.96639768499142,0
9,48.29391214485284,0
10,51.75879594972566,0
11,51.555583870857895,0
12,50.132061395122435,0
13,52.25448241393607,0
14,50.935018684504094,0
15,48.28141507423352,0
16,50.737501568165,0
17,48.082234798342,0
18,51.75690060261454,0
19,49.90014817802749,0
20,49.63027527290948,0
21,48.63814091119212,0
22,52.44508267734806,0
23,49.690941035862394,0
24,49.14334435567378,0
25,49.29573289902354,0
26,51.0646183711067,0
27,50.730888128728154,0
28,50.825465223191976,0
29,50.861642006015764,0
30,54.28329520174092,0
31,49.187169967230766,0
32,48.975514541856924,0
33,48.37245454350425,0
34,51.23195884515099,0
35,52.257944585441784,0
36,49.77210508469025,0
37,48.31968704607495,0
38,48.35103756861752,0
39,51.3011855756494,0
40,51.486508342406886,0
41,51.08630853661039,0
42,48.66898058542261,0
43,50.46432264613344,0
44,50.23337161828146,0
45,50.437377193458026,0
46,51.74285755589638,0
47,50.447191097549364,0
48,51.35782712614379,0
49,50.135158138977786,0
50,50.57823879737997,0
51,51.26257645167708,0
52,47.085688360288664,0
53,49.3606575672854,0
54,49.05925469141441,0
55,48.722244303513314,0
56,49.449715497546634,0
57,52.98988262246879,0
58,48.26833776861351,0
59,51.93655670918296,0
60,46.63426045676839,0
61,49.33022994002845,0
62,50.32550613021001,0
63,51.172444662718554,0
64,51.42245315958571,0
65,51.58669447039985,0
66,49.30254985550312,0
67,49.075296414670866,0
68,51.71595176251431,0
69,49.61739135023677,0
70,47.448627353324156,0
71,47.73342557199304,0
72,48.16109542799678,0
73,50.99432148810753,0
74,50.28485147214113,0
75,51.380970708135536,0
76,49.14549470732693,0
77,50.31707938215343,0
78,51.25118078793467,0
79,49.381306920559524,0
80,50.913550475114825,0
81,48.676148117866695,0
82,49.273892306869854,0
83,49.23652421200334,0
84,47.60832070882192,0
85,50.97394496157116,0
86,49.06119531959455,0
87,50.024988237455375,0
88,50.961493317811815,0
89,50.893062352059886,0
90,51.33077021794557,0
91,49.80302903098115,0
92,49.153403375911694,0
93,49.8405635781872,0
94,46.62533113208394,0
95,47.10577505515383,0
96,47.354600775291196,0
97,48.005506344797034,0
98,50.799548453446874,0
99,48.18904188927988,0
100,49.24367489192122,0
101,52.59845659557213,0
102,49.287472057877146,0
103,51.47503113693417,0
104,48.132764639980245,0
105,49.58912488426474,0
106,48.09995589017884,0
107,49.321933848198874,0
108,51.68061627491479,0
109,46.5453591536153,0
110,50.86884728709172,0
111,50.47547120466456,0
112,48.811700088606415,0
113,47.107884291223094,0
114,50.14425901542774,0
115,48.941014581872395,0
116,50.46535242270941,0
117,50.043704291046886,0
118,53.20355778264183,0
119,49.52128874505395,0
120,64.17066564190188,1
121,66.57621189705824,1
122,66.65765399508913,1
123,68.93603577762649,1
124,67.88788311897477,1
125,66.93140274544463,1
126,69.14426640958473,1
127,63.84013451849991,1
128,64.93815756164611,1
129,64.36450874433456,1
130,65.43804102083408,1
131,63.46428833203299,1
132,67.48796252077443,1
133,65.77321523294808,1
134,63.276048038140296,1
135,47.96884183758492,0
136,50.62702769490039,0
137,51.67625313578876,0
138,53.99346178338357,0
139,55.82772493201466,0
140,50.82881886655199,0
141,48.020923759936274,0
142,45.73590743853738,0
143,50.53542292468767,0
144,48.37411780937935,0
145,49.16928547964063,0
146,48.77580640188038,0
147,49.71841822716723,0
148,52.13196046157529,0
149,50.31409713489069,0
150,49.68273032592262,0
151,47.928692494348375,0
152,46.650634110591284,0
153,49.027384181853336,0
154,49.89243489836336,0
155,53.53585982715977,0
156,50.26054904294577,0
157,51.96547902204612,0
158,49.001408802921695,0
159,47.63011246716595,0
160,48.06976647553525,0
161,48.54954787092849,0
162,54.25693946487033,0
163,48.35722664155123,0
164,51.67697840747269,0
165,48.19414564382595,0
166,51.86314602574849,0
167,50.769901932211724,0
168,49.68672420468382,0
169,49.91847494772913,0
170,48.69042460914122,0
171,50.89214440296416,0
172,49.09003303931844,0
173,47.5487884724655,0
174,47.44412485136076,0
175,50.34517583544424,0
176,53.15818251282087,0
177,50.31998322714688,0
178,49.76272334778024,0
179,50.57165227920508,0
180,52.61200348341365,0
181,50.43876500272771,0
182,49.17814553833252,0
183,52.21257742011978,0
184,50.857512876923224,0
185,53.07151198399198,0
186,50.36646887444381,0
187,47.551061936559,0
188,47.26368160150867,0
189,53.301855864462496,0
190,53.4473314415666,0
191,49.6409615734348,0
192,49.23362535772802,0
193,52.922888584484404,0
194,47.785908635913025,0
195,48.21054596208835,0
196,51.28665358937809,0
197,49.21078975428082,0
198,49.98975626655986,0
199,49.67311420295098,0
200,50.67514909759787,0
201,52.81496372262743,0
202,50.18116981380349,0
203,51.28787758655372,0
204,45.89965579793795,0
205,49.902563196139766,0
206,48.31353945941426,0
207,47.562373879152744,0
208,48.243695266142495,0
209,49.33175311859838,0
210,51.83180508471202,0
211,47.34721456452087,0
212,50.06126298518883,0
213,49.03166113333284,0
214,49.344653811276075,0
215,52.00551565060921,0
216,51.076230874007855,0
217,52.67479621488549,0
218,49.6909886415002,0
219,48.608114776658596,0
220,49.552282366239,0
221,50.484993582542444,0
222,50.353146716907425,0
223,47.83122385553327,0
224,50.18097956325575,0
225,50.45645666027781,0
226,55.03494807506784,0
227,53.75368922256334,0
228,48.29351329888236,0
229,49.42523327690165,0
230,47.073115996325996,0
231,48.81858597207302,0
232,50.631210007180684,0
233,52.41170724177647,0
234,48.54183232451278,0
235,48.691707119864404,0
236,45.70542194052269,0
237,49.67466815891019,0
238,47.87517117628087,0
239,48.94112114526785,0
240,48.24627844366482,0
241,49.81147489149489,0
242,46.484543217286735,0
243,47.06590950921802,0
244,54.2584942240566,0
245,47.42515483745194,0
246,47.80642884309072,0
247,53.67382705664263,0
248,55.810134338480815,0
249,47.656866742349315,0
250,49.26350208642394,0
251,50.68311110188102,0
252,53.457395288811185,0
253,48.026285843143526,0
254,49.50944430811578,0
255,51.55467515212349,0
256,50.86953214893324,0
257,49.2476878575398,0
258,49.732354070967915,0
259,47.25020838326004,0
260,49.52365251205067,0
261,49.46722501998209,0
262,50.46433977925251,0
263,48.88934556236197,0
264,50.94307704509028,0
265,52.025431635639656,0
266,50.31085865533693,0
267,50.70351281679841,0
268,50.106310695155734,0
269,50.000168786182826,0
270,48.5568839329143,0
271,50.63298852334662,0
272,49.80542680317302,0
273,54.18633661786119,0
274,53.14670980495048,0
275,50.771693105113,0
276,48.473885580610464,0
277,47.775177056033165,0
278,52.38228590617773,0
279,50.52549845029428,0
280,50.96028680678322,0
281,46.51082802605161,0
282,51.85487696311636,0
283,50.908840676428724,0
284,47.779138631171044,0
285,49.0569503851001,0
286,50.52743440871304,0
287,50.104933596712485,0
288,49.41565762839289,0
289,49.79302346386808,0
290,49.49604524358623,0
291,50.30512502420494,0
292,52.94298394598631,0
293,44.8666831181374,0
294,49.52629947098063,0
295,50.353024842744894,0
296,50.591987979374196,0
297,49.25617083735742,0
298,46.486556435042836,0
299,50.65599096742822,0
300,53.45470042832837,0
301,46.932277190167724,0
302,51.72765602739638,0
303,49.34294955375421,0
304,49.877351308342305,0
305,47.894202978592105,0
306,49.33108765528824,0
307,52.60008918939792,0
308,51.16531048397541,0
309,53.46462321081989,0
310,65.02308132497002,1
311,63.54643090487379,1
312,66.15612659935022,1
313,63.54624386449123,1
314,64.32423390060875,1
315,62.07511563994521,1
316,62.801349178733034,1
317,61.27340990041408,1
318,64.64742541620434,1
319,60.311650300784905,1
320,64.23295823184995,1
321,62.286955432004305,1
322,65.01075173394926,1
323,64.16999552447714,1
324,66.30954986230823,1
325,51.46154938227729,0
326,46.855919488693516,0
327,49.866093654203596,0
328,47.65598561481037,0
329,48.96344031526745,0
330,53.02245686655344,0
331,51.275067621795394,0
332,48.60213914284251,0
333,47.9725652671192,0
334,50.06556418575252,0
335,47.566879701237745,0
336,48.65771944520684,0
337,50.624018943102485,0
338,52.31062407221339,0
339,51.21752294444888,0
340,45.4174209828038,0
341,50.60873345806052,0
342,50.144067146465154,0
343,50.82778057074539,0
344,53.23241936330241,0
345,45.873523446390514,0
346,48.81779314961779,0
347,51.18181264558671,0
348,46.83681120109212,0
349,52.951898096107016,0
350,50.73671322540132,0
351,51.693167971686805,0
352,48.85811267695641,0
353,51.627527379932424,0
354,52.13694311197808,0
355,50.465756040274336,0
356,50.46880178539739,0
357,50.54068647856345,0
358,48.273309470521234,0
359,49.704942639519295,0
360,49.69495493509528,0
361,50.76678772870699,0
362,51.99964849382059,0
363,47.88292783604318,0
364,49.74998193936084,0
365,52.96291109531795,0
366,48.512823542374875,0
367,48.35549996541936,0
368,50.40461238366239,0
369,51.68877038097064,0
370,50.02285211112132,0
371,52.65792118087398,0
372,51.71358796513305,0
373,51.68364013378012,0
374,51.108233002648184,0
375,54.655306200692166,0
376,49.58967662226791,0
377,45.99295541586697,0
378,53.208508723034285,0
379,49.08460113808635,0
380,50.21576088868606,0
381,52.61910136972105,0
382,46.79548091788215,0
383,47.49670557178772,0
384,46.79744412576229,0
385,48.41172741994915,0
386,50.879273212033986,0
387,51.048375685625544,0
388,50.552548358657106,0
389,47.17446823221527,0
390,45.37979312673471,0
391,50.10870717078076,0
392,49.05644793272333,0
393,50.91877154343322,0
394,51.40390725244254,0
395,50.27648286411736,0
396,51.52026617075171,0
397,50.458422748230134,0
398,51.06012941120294,0
399,48.590653474260236,0
400,49.64077717233708,0
401,50.393552193313916,0
402,51.64105695083484,0
403,49.212517655550855,0
404,51.042334511464226,0
405,49.468322416169244,0
406,49.764915665343736,0
407,51.65903808404815,0
408,46.01387925789169,0
409,47.40705534385048,0
410,47.03562920511436,0
411,45.33276776030339,0
412,48.64347111968965,0
413,51.49886779945548,0
414,49.43023186723485,0
415,50.39558016388371,0
416,52.17843499342158,0
417,52.65537226453538,0
418,49.86172413054772,0
419,52.7071717791388,0
420,50.184253316868215,0
421,48.32520355234507,0
422,48.81119929560253,0
423,47.038926974869966,0
424,48.223732292532695,0
425,49.28396662385114,0
426,51.607170038757204,0
427,53.44153966233197,0
428,47.23563696924592,0
429,50.78565493651984,0
430,47.91891212168493,0
431,50.949394176926404,0
432,49.737826698624545,0
433,46.33818834830494,0
434,51.85659398313697,0
435,48.78999857438254,0
436,48.93219952325289,0
437,47.86049517742062,0
438,48.69143344662489,0
439,50.85578088138983,0
440,49.62151131812719,0
441,50.65732400456496,0
442,50.72384370785769,0
443,52.64132331105633,0
444,49.31442769827124,0
445,47.046284366308534,0
446,52.13444483314397,0
447,49.33702365580549,0
448,52.22918488915475,0
449,50.76675422636494,0
450,67.66729125108947,1
451,68.62711809958876,1
452,71.83159143174876,1
453,72.08352736960367,1
454,68.06832858176172,1
455,68.24994749813031,1
456,70.08204662642893,1
457,66.23824424596147,1
458,68.59570705673266,1
459,67.87784061558844,1
460,68.55738273441128,1
461,66.26282869959735,1
462,64.75043132487822,1
463,63.78359943951358,1
464,65.69479808551694,1
465,49.082649430121336,0
466,49.41361682670247,0
467,53.87446232485903,0
468,52.2119867398146,0
469,48.07581776731674,0
470,50.69541690490191,0
471,49.18584352729935,0
472,49.431272323919806,0
473,50.370651298830765,0
474,51.23834223395079,0
475,49.32148303223197,0
476,52.127703065468715,0
477,47.71612354771519,0
478,50.01267812472454,0
479,55.195347453191665,0
480,50.44615948525055,0
481,52.86642901321235,0
482,50.18304035634642,0
483,51.161554190659594,0
484,49.88643361121461,0
485,49.65918483767159,0
486,48.44103520654916,0
487,50.86060271791511,0
488,48.29692562162846,0
489,51.33117047262686,0
490,52.17057400889182,0
491,50.73306281447446,0
492,49.42750253288862,0
493,50.907931158617394,0
494,49.38265388890717,0
495,51.8710942509303,0
496,46.33718783156975,0
497,49.32878526376271,0
498,46.018376009752004,0
499,47.00987833954559,0
500,52.72772445962782,0
501,51.79036996394337,0
502,48.56103953343042,0
503,46.9949930879182,0
504,44.0709423243167,0
505,48.913008984134734,0
506,54.84083002449481,0
507,50.8697685429273,0
508,48.88085542790102,0
509,50.930160419000615,0
510,46.87808329401111,0
511,49.40535327460473,0
512,50.19895494603148,0
513,49.8277986963579,0
514,51.581612243380164,0
515,50.68929045247211,0
516,51.336652036215995,0
517,48.62325543553848,0
518,51.795630816821095,0
519,53.25787389524798,0
520,48.05970096069718,0
521,48.22460868857088,0
522,52.67156867264047,0
523,49.61731202660988,0
524,52.807642784133115,0
525,49.11492857621563,0
526,52.910091152541426,0
527,50.2629716336109,0
528,50.51645764664539,0
529,53.12943604333981,0
530,49.27645904511166,0
531,48.117755808150086,0
532,49.10287158394329,0
533,50.904667901286274,0
534,46.86848185563897,0
535,51.27494180530224,0
536,48.92245736476451,0
537,52.29562532146713,0
538,45.21147939019906,0
539,48.42686844979166,0
540,46.627063697531796,0
541,48.3475410672721,0
542,50.49533180221788,0
543,49.64154674910049,0
544,49.49324486210397,0
545,49.68163025723988,0
546,50.40677648123989,0
547,47.98292791611379,0
548,51.4136992817981,0
549,51.325331940770965,0
550,50.7700758753122,0
551,51.113066885502526,0
552,50.59283600161732,0
553,54.070146605462135,0
554,49.82581165789498,0
555,49.38583356333085,0
556,48.492944839285244,0
557,47.93547465884433,0
558,47.51105642479785,0
559,48.222405373538166,0
560,49.85863923669586,0
561,50.66859025699543,0
562,50.102284117104325,0
563,48.468929445140574,0
564,51.800369128039925,0
565,51.478825344601894,0
566,49.680703385155965,0
567,48.69416771067058,0
568,51.0968558416596,0
569,50.37594717497221,0
570,47.1037454811699,0
571,49.86403948803119,0
572,50.52407162414876,0
573,48.20061042702449,0
574,50.379686785674885,0
575,47.09035502948442,0
576,52.67237220002434,0
577,52.49589997011886,0
578,49.49496533139407,0
579,50.726908675678146,0
580,45.18015606840025,0
581,47.687304679469335,0
582,49.41244215969574,0
583,47.855733957146285,0
584,51.428792965261316,0
585,53.99459306149599,0
586,47.646770561141395,0
587,48.32507319182962,0
588,50.47089673661986,0
589,53.222232296999245,0
590,47.555251374920196,0
591,50.49807224461389,0
592,53.642597701626215,0
593,46.69648170364147,0
594,47.43786158630834,0
595,49.15278678707833,0
596,48.95882317428918,0
597,51.62520257550729,0
598,50.483319439641676,0
599,46.450075880715744,0
600,51.030820805801625,0
601,48.8449222252887,0
602,52.54889443388248,0
603,48.74482492712616,0
604,48.72676943379553,0
605,51.08226322160906,0
606,51.525852964673874,0
607,50.89619872787241,0
608,46.628805365230384,0
609,51.0760688798565,0
610,47.931383896651205,0
611,50.470552223176526,0
612,47.15253112920188,0
613,50.89264429508613,0
614,48.38680219138526,0
615,47.434730699478955,0
616,51.4276402729648,0
617,50.4832890433535,0
618,48.772046397214204,0
619,52.90235769804213,0
620,63.39837287909234,1
621,64.34389307017369,1
622,64.81750461758902,1
623,63.0403458539746,1
624,65.22195030903168,1
625,63.21277302790237,1
626,63.456401077799406,1
627,67.0049630018385,1
628,62.198505617206955,1
629,59.454117060372845,1
630,67.5015517122556,1
631,69.37833362744583,1
632,63.46913919133316,1
633,60.406001640991455,1
634,63.65870976983994,1
635,49.42755410031866,0
636,49.62015231795549,0
637,47.773223916156304,0
638,51.15912228495296,0
639,51.04901475057217,0
640,47.011188760361385,0
641,51.39839346338977,0
642,54.10536996389178,0
643,50.34392066487412,0
644,49.32534967586299,0
645,49.71599357118496,0
646,51.23051353393712,0
647,46.53865678898556,0
648,50.32878140595461,0
649,49.21907210107438,0
650,53.69565002591209,0
651,49.65165453239008,0
652,53.335775222239036,0
653,47.79251860443598,0
654,51.17451833360558,0
655,50.63880052758246,0
656,48.26190550427044,0
657,50.35479222927388,0
658,52.4250376736632,0
659,49.352416591426795,0
660,46.61607470166047,0
661,49.96487434704511,0
662,48.19515381041497,0
663,49.31531812267224,0
664,49.83682446062976,0
665,46.58869556796897,0
666,46.768683321358644,0
667,50.96413367105105,0
668,48.95456260766064,0
669,44.870511316358865,0
670,51.56968807321627,0
671,50.54473951054848,0
672,48.57225035192703,0
673,47.366339577883515,0
674,51.67161579262867,0
675,50.69870124512086,0
676,54.765204565368144,0
677,50.840377197449875,0
678,50.77540628252403,0
679,49.66614413978287,0
680,51.63355173440158,0
681,51.25017040249631,0
682,52.50345001713039,0
683,48.95735416272543,0
684,49.12918505411208,0
685,49.04179365817604,0
686,51.58160344235798,0
687,52.996748880593465,0
688,49.0823190137014,0
689,49.15045254441382,0
690,50.6281544477396,0
691,49.5084769999742,0
692,51.90410730627978,0
693,45.49644541876191,0
694,48.34658990616621,0
695,48.43516733207711,0
696,45.35928797522771,0
697,48.07272311126239,0
698,48.16968776830815,0
699,49.59779069096234,0
700,52.225931783320526,0
701,49.509878697618596,0
702,47.93837255945769,0
703,49.88609091757294,0
704,52.098347242882696,0
705,48.04808236777019,0
706,48.1788502321571,0
707,51.117097918548446,0
708,49.5569277685384,0
709,51.29496938141895,0
710,49.97270641640941,0
711,51.403327296179135,0
712,47.92984377191872,0
713,49.975830698423465,0
714,49.57861997127369,0
715,47.56821815179174,0
716,46.873044104262625,0
717,51.37149807054932,0
718,49.29809523556404,0
719,47.95543943670534,0
720,49.80764212615333,0
721,52.25603771469861,0
722,45.43852430925615,0
723,47.006722620193344,0
724,48.15422711620946,0
725,52.922357733440656,0
726,50.565173965838596,0
727,51.534634480922456,0
728,47.71967816174754,0
729,47.76092824945895,0
730,50.89562743344542,0
731,50.116548661870894,0
732,51.097477637728254,0
733,49.624658018143094,0
734,50.55628745290925,0
735,50.31623816981022,0
736,51.55553477816985,0
737,51.61401656388894,0
738,46.76025601121646,0
739,45.50546288931829,0
740,52.003490795303016,0
741,52.37545018652387,0
742,47.958753960973326,0
743,46.280329186908745,0
744,50.1980696420144,0
745,51.86167645270106,0
746,53.59518904486863,0
747,51.0325951442029,0
748,49.25656660682861,0
749,48.213738756830274,0
750,50.022902583341306,0
751,49.40147059222949,0
752,47.96986418854237,0
753,54.09751130172657,0
754,53.57033680414426,0
755,52.27209736711086,0
756,48.15829920438175,0
757,51.710038648594555,0
758,51.2792528189958,0
759,50.88509124840811,0
760,52.499330534087555,0
761,51.270742285722555,0
762,51.48002847260867,0
763,51.27381256674442,0
764,50.68158281600421,0
765,46.43277774057163,0
766,50.16724215482112,0
767,48.88761608230175,0
768,47.44031808471996,0
769,53.36363323860165,0
770,53.457990681771406,0
771,52.71844120059122,0
772,50.51042683371175,0
773,52.70125024190531,0
774,50.02410636120365,0
775,50.40559455379556,0
776,47.81305725907603,0
777,50.79398260899768,0
778,50.12077185684883,0
779,47.39469576633107,0
780,49.89760577636681,0
781,49.84054087228638,0
782,53.59512233328928,0
783,51.78842665702682,0
784,50.022890878182935,0
785,50.49757461960217,0
786,50.0884247562084,0
787,49.594172030408906,0
788,47.835145605223424,0
789,49.69789624478614,0
790,48.507803486694975,0
791,47.49936892215371,0
792,51.02244362909507,0
793,50.78252931986647,0
794,46.42658497726384,0
795,49.75463072500975,0
796,51.99140277179985,0
797,52.11844747779264,0
798,52.051673685770474,0
799,50.07782641380292,0
800,66.6859991463522,1
801,66.20869214757438,1
802,69.06529961179122,1
803,69.13464987102083,1
804,70.95075202550063,1
805,70.57604910297466,1
806,68.11163248922816,1
807,65.88767804456876,1
808,67.7378766082687,1
809,68.81055219191154,1
810,67.97192331151169,1
811,67.22030158613518,1
812,68.8818594322303,1
813,67.36817431946928,1
814,67.11995763483975,1
815,50.622905668606876,0
816,49.19601483974159,0
817,50.48820877795671,0
818,50.54640804570425,0
819,47.72114199781685,0
820,49.037517752269174,0
821,52.87555387983292,0
822,47.675840974531425,0
823,45.766691102058935,0
824,46.276309693514975,0
825,50.058219893153336,0
826,50.0618345560654,0
827,49.76477828914976,0
828,52.428379657857,0
829,44.65433113379412,0
830,50.79186774886165,0
831,53.122876403607144,0
832,47.74443847021657,0
833,49.24038697642021,0
834,48.49421616554276,0
835,48.21130790784494,0
836,49.34747598995392,0
837,52.85497056736901,0
838,53.67477335097504,0
839,49.32812154991971,0
840,53.81012042812894,0
841,50.071152953969246,0
842,53.50738205340216,0
843,49.81340270069302,0
844,50.26211565209229,0
845,50.73094894528567,0
846,56.35770735873507,0
847,51.702571149689575,0
848,48.585470940097075,0
849,51.93799574055171,0
850,49.276334925831314,0
851,49.020499634197584,0
852,51.81720271978422,0
853,50.062171175542304,0
854,50.55715182902361,0
855,50.02797044373059,0
856,50.67316625321087,0
857,50.8499317948723,0
858,46.126066134589166,0
859,51.333145337219065,0
860,48.0359611603394,0
861,47.115401728881174,0
862,49.883177512282636,0
863,50.16796200662891,0
864,48.61298767085544,0
865,51.66206371533595,0
866,47.315649667258185,0
867,49.18611250245488,0
868,48.830251730134,0
869,49.90682545932132,0
870,50.557728569294476,0
871,47.98421410075291,0
872,51.44856535491245,0
873,50.1260047366694,0
874,46.21610749337618,0
875,46.08281711920594,0
876,49.975361414141375,0
877,49.55806536442729,0
878,49.793159772850736,0
879,49.944035086939564,0
880,50.45111967902036,0
881,51.8952992196966,0
882,47.77779019816489,0
883,47.65605681419841,0
884,47.81335228422523,0
885,50.57783333433741,0
886,52.48989475729289,0
887,49.13732112352098,0
888,44.996600311680695,0
889,46.592014274779245,0
890,48.333926554407974,0
891,48.88454222500957,0
892,49.183222745490546,0
893,50.07716224596184,0
894,49.376507338355104,0
895,52.09867922108681,0
896,48.64796538863726,0
897,48.27536408104891,0
898,50.957751077040925,0
899,46.92871586014776,0
900,50.77938341064,0
901,50.20510636745254,0
902,49.70511502016367,0
903,53.176552214298525,0
904,48.75558510941056,0
905,54.120596341048156,0
906,49.5491371015438,0
907,47.44596711005954,0
908,50.13983916198965,0
909,47.84750959936246,0
910,48.496488304373,0
911,50.79406660003098,0
912,51.11116417730025,0
913,48.75566459949148,0
914,51.974810290092805,0
915,52.315015516042266,0
916,52.872603513126585,0
917,51.05882681425145,0
918,52.7268574241714,0
919,46.23840314405189,0
920,49.36418690274307,0
921,48.265989487353146,0
922,50.23845172225479,0
923,48.85710156160653,0
924,49.667684316100534,0
925,53.7643497604081,0
926,49.660560407159245,0
927,50.82758463438043,0
928,49.53546134015153,0
929,50.15142657591367,0
930,50.012033360872145,0
931,50.89664813194632,0
932,52.33061507109436,0
933,53.29478799520666,0
934,50.61924016381833,0
935,51.179093772071205,0
936,47.698270981628866,0
937,49.82424651516876,0
938,51.880578929767175,0
939,51.73193727683431,0
940,50.4232194655901,0
941,51.77278791913591,0
942,50.981533417987634,0
943,52.40061251651864,0
944,50.57871831391422,0
945,49.28860336885793,0
946,50.671682513866045,0
947,44.138811248294445,0
948,50.7657714727701,0
949,42.70317434957043,0
950,59.061407804673934,1
951,63.41187182136674,1
952,63.46339329401836,1
953,60.18347705920491,1
954,61.08413053572689,1
955,65.24941659671303,1
956,61.54027435633942,1
957,66.99417524429074,1
958,62.50449491313208,1
959,63.32440697324731,1
960,65.74208341648199,1
961,62.77038885187161,1
962,60.503646658103165,1
963,62.28887971609619,1
964,62.43711314710459,1
965,47.27051669559687,0
966,49.488335857318354,0
967,48.51561581200512,0
968,51.84871551437487,0
969,50.06922374837051,0
970,49.43440850170486,0
971,49.78763613875485,0
972,50.44624403681233,0
973,51.23362839937956,0
974,48.00057554266124,0
975,47.916824734757455,0
976,52.20935843080506,0
977,49.17532625559054,0
978,47.166315814806254,0
979,50.88762541876621,0
980,50.926739612065376,0
981,46.93856948548659,0
982,50.45896343092721,0
983,51.47116618485675,0
984,50.74877290341253,0
985,51.263962967522794,0
986,47.1914618038185,0
987,50.66208030999239,0
988,49.39476048105911,0
989,49.03441968255071,0
990,51.74111121883945,0
991,52.95854902134846,0
992,53.58874010920072,0
993,52.62961574301181,0
994,49.78053163673963,0
995,50.70544032605269,0
996,51.533645743568485,0
997,50.24235589859892,0
998,50.26152837582309,0
999,51.64750626375236,0
1000,49.88143470794814,0
1001,48.54142612725268,0
1002,49.171053868328286,0
1003,51.26782075546748,0
1004,50.00598658239991,0
1005,50.680419953736674,0
1006,51.34015848440438,0
1007,49.25031707420478,0
1008,51.51249632725961,0
1009,50.75768520691679,0
1010,47.53037382617704,0
1011,52.88460958237249,0
1012,48.99851051248617,0
1013,46.68980931362963,0
1014,47.909912580827395,0
1015,47.957909678643354,0
1016,50.10434663731507,0
1017,49.45229898890753,0
1018,49.32633606471882,0
1019,51.239403930964954,0
1020,50.67975072238541,0
1021,50.63209574128857,0
1022,50.819656914657386,0
1023,51.23226933600448,0
1024,45.784093316445116,0
1025,49.27112349547108,0
1026,45.639579871021056,0
1027,50.07211985359559,0
1028,49.99073405555131,0
1029,52.09106454957936,0
1030,52.375268785442245,0
1031,50.40555009650473,0
1032,48.9992778452062,0
1033,50.97032222509148,0
1034,48.94416472535137,0
1035,49.9972146971133,0
1036,51.972272633921534,0
1037,48.884457308021155,0
1038,51.611357278485,0
1039,51.3548027373846,0
1040,48.090416365738356,0
1041,51.947788256434805,0
1042,51.39713269074301,0
1043,50.20385177474532,0
1044,48.4753530839447,0
1045,48.28158796284886,0
1046,48.92467484619395,0
1047,51.08518892658392,0
1048,48.088749665197206,0
1049,50.87502449723974,0
1050,47.516488942243214,0
1051,49.5918628311223,0
1052,50.21929550914802,0
1053,54.89026029011784,0
1054,47.24536868895927,0
1055,52.94402913298027,0
1056,50.29968482797456,0
1057,50.822343836031926,0
1058,50.23669582677641,0
1059,50.88945363639046,0
1060,49.69262979127596,0
1061,52.908100362914915,0
1062,49.08705771155056,0
1063,52.26446914435849,0
1064,48.711265759573955,0
1065,49.87949630719743,0
1066,47.85607489541956,0
1067,50.91004744069504,0
1068,52.89025191385307,0
1069,49.84528764035829,0
1070,49.60622860259218,0
1071,47.770766073864145,0
1072,49.54141469289539,0
1073,46.81441148055694,0
1074,48.17424402656235,0
1075,50.45357209221827,0
1076,52.63802639548279,0
1077,55.618421722459004,0
1078,48.8268298298582,0
1079,52.87060031329088,0
1080,50.48750496080329,0
1081,49.697504706507246,0
1082,50.86518890345231,0
1083,50.12383296735992,0
1084,50.220791451224436,0
1085,49.18333367434666,0
1086,47.203780680402296,0
1087,46.912749594955834,0
1088,51.30648976656246,0
1089,49.44659981982857,0
1090,48.80782220068767,0
1091,50.017011253446306,0
1092,51.58986450583126,0
1093,50.3607278860528,0
1094,48.68789012671807,0
1095,52.4525859112979,0
1096,53.15837100596326,0
1097,50.989113310645706,0
1098,51.94732702268818,0
1099,52.48391999362762,0
1100,74.07406964533905,1
1101,73.04206936675527,1
1102,73.01056510667978,1
1103,72.85319215922303,1
1104,69.61919566343593,1
1105,73.21531732624919,1
1106,69.1022430702769,1
1107,70.2246721022799,1
1108,74.42100114814619,1
1109,73.49431133791842,1
1110,74.78866759190174,1
1111,71.27052224515543,1
1112,69.50937332997648,1
1113,71.33299661838933,1
1114,72.01793360701117,1
1115,50.15797743268002,0
1116,52.267360957513404,0
1117,49.277459149993106,0
1118,50.70406894360585,0
1119,48.02274570113079,0
1120,50.900634556087624,0
1121,50.00621710037127,0
1122,48.50037332343096,0
1123,49.52834127565029,0
1124,49.631648506969555,0
1125,49.45968974132581,0
1126,53.54268248453537,0
1127,49.80310799538424,0
1128,49.51220777964532,0
1129,45.805098084779715,0
1130,48.211585296041044,0
1131,49.4738531510873,0
1132,48.62829464764671,0
1133,52.763415186755594,0
1134,49.67012444920756,0
1135,52.57688849863651,0
1136,50.12340926810074,0
1137,50.07445567284315,0
1138,49.822407104575,0
1139,50.00759250324292,0
1140,53.43759000609972,0
1141,45.36077854649756,0
1142,45.99690851112264,0
1143,48.913658337887775,0
1144,50.029055763875135,0
1145,51.380208849528024,0
1146,50.94617439605495,0
1147,49.23150817423886,0
1148,52.038087386483525,0
1149,52.06039080630546,0
1150,50.36811566254313,0
1151,51.92531514497368,0
1152,50.54529052686426,0
1153,48.87703394643423,0
1154,51.39563367800001,0
1155,50.221226245157354,0
1156,50.00267969350897,0
1157,52.94590714437915,0
1158,45.098255742919825,0
1159,47.16463165968086,0
1160,47.62585914725126,0
1161,49.27347870486239,0
1162,49.49078366046794,0
1163,46.985348704453905,0
1164,48.029683935378344,0
1165,48.27831664295286,0
1166,54.914848184151786,0
1167,53.60348389549429,0
1168,49.1765011646307,0
1169,49.2728334193864,0
1170,47.70159200562341,0
1171,46.18373917354947,0
1172,49.766239627182955,0
1173,48.00429603351195,0
1174,49.83029893667598,0
1175,46.79958830191305,0
1176,48.47605108337948,0
1177,50.29725419060566,0
1178,50.73241919556787,0
1179,50.834943917484026,0
1180,47.359022031685925,0
1181,51.70937146027112,0
1182,48.3995766067963,0
1183,51.265715829214614,0
1184,49.978722646763615,0
1185,47.24722500184411,0
1186,49.36760459083762,0
1187,50.730727484127534,0
1188,51.2259307609492,0
1189,49.71802420511116,0
1190,53.06355778120211,0
1191,52.01502154197312,0
1192,49.4866917672005,0
1193,51.50024362427389,0
1194,53.86758697037637,0
1195,53.92096920156605,0
1196,47.544000238355004,0
1197,48.146933777685696,0
1198,52.9698375734677,0
1199,47.88343789832473,0
1200,47.35491773341664,0
1201,49.027611738601905,0
1202,50.840453418949174,0
1203,49.79520658677781,0
1204,48.698872759188816,0
1205,48.651575076550984,0
1206,48.575325871174584,0
1207,48.24098074268211,0
1208,54.56326575455212,0
1209,50.59502214237111,0
1210,51.773518108809476,0
1211,49.02184506376215,0
1212,49.6280866456279,0
1213,48.57289203725929,0
1214,44.696583330161594,0
1215,47.24398144630427,0
1216,46.37876264003921,0
1217,45.50043244409679,0
1218,47.609282051403795,0
1219,52.64991135876326,0
1220,49.91112766459129,0
1221,52.58112752464235,0
1222,50.82196515380175,0
1223,51.56511765143032,0
1224,48.19820600939085,0
1225,51.04790190838534,0
1226,51.45742846814869,0
1227,48.84670541553261,0
1228,51.11908074123233,0
1229,51.13237551714967,0
1230,48.900894757739835,0
1231,47.75446313545801,0
1232,47.631743336203456,0
1233,50.17301108384292,0
1234,50.65401973757863,0
1235,48.41494833908417,0
1236,50.053170682652194,0
1237,51.14107407227697,0
1238,51.2363814293306,0
1239,53.10376024024498,0
1240,52.553961664396084,0
1241,47.99741713448691,0
1242,53.36717241907604,0
1243,48.93804699088857,0
1244,52.08974562490886,0
1245,50.135973252102175,0
1246,49.17570124308607,0
1247,46.384606280450136,0
1248,49.6568709795673,0
1249,46.88123352938878,0
1250,51.93459847168555,0
1251,53.0335853142785,0
1252,48.40617802140662,0
1253,50.60394148503854,0
1254,48.54921695598405,0
1255,48.74303053972642,0
1256,51.548989407730744,0
1257,49.92292347631317,0
1258,53.479296083862025,0
1259,49.035535042594155,0
1260,51.99867266494898,0
1261,50.19482682591556,0
1262,51.591556019488465,0
1263,49.10568468534011,0
1264,49.900882324896834,0
1265,49.76900224140213,0
1266,48.32788577030843,0
1267,51.324163069163504,0
1268,51.300498011156726,0
1269,51.187109389811134,0
1270,53.07393130783529,0
1271,52.89868960247261,0
1272,49.250110620301726,0
1273,50.74610463686836,0
1274,48.75279862148358,0
1275,50.046710632229114,0
1276,48.80050110176227,0
1277,53.2401406182721,0
1278,50.727396300685925,0
1279,49.563941743791155,0
1280,52.38723714371275,0
1281,45.65876918040918,0
1282,45.97179481026942,0
1283,51.59167731043955,0
1284,50.12093689623474,0
1285,50.500892600521524,0
1286,47.347207793362905,0
1287,49.95353257829927,0
1288,54.007018820802685,0
1289,51.648399239591726,0
1290,50.339413090285625,0
1291,49.12189217979012,0
1292,49.21085429626121,0
1293,45.741604221599964,0
1294,50.51528084184232,0
1295,51.69096621696371,0
1296,46.84876134565877,0
1297,48.677166215386364,0
1298,47.68507073553316,0
1299,48.06929761038247,0
1300,66.79701404377052,1
1301,62.52124648014977,1
1302,67.91859166684085,1
1303,68.19776092999409,1
1304,66.1878456140529,1
1305,61.72863377015764,1
1306,64.69721353812194,1
1307,69.15585465833212,1
1308,61.13406222866958,1
1309,65.99500396573968,1
1310,64.3300492331922,1
1311,68.2991913932964,1
1312,65.3398228858398,1
1313,67.49795883159794,1
1314,67.8209716284649,1
1315,53.67245167946004,0
1316,49.59411611264926,0
1317,50.752088739245224,0
1318,47.02988904174513,0
1319,52.38082712658749,0
1320,48.47898230385727,0
1321,48.878491671824506,0
1322,49.95550441030158,0
1323,46.8742313093203,0
1324,50.45754005785788,0
1325,51.934932545850025,0
1326,50.585867646994586,0
1327,46.82220487164255,0
1328,49.75238141134068,0
1329,51.48405780595898,0
1330,46.24402246806818,0
1331,47.85046797236457,0
1332,51.75308720816304,0
1333,50.540190868394575,0
1334,50.82394316425351,0
1335,53.71898961524662,0
1336,50.93710555701241,0
1337,51.31577602086636,0
1338,55.42149105443665,0
1339,49.57239088381902,0
1340,48.40423447276301,0
1341,50.855592796494264,0
1342,50.87798205877779,0
1343,48.946569216107584,0
1344,47.93520596089031,0
1345,54.61968884418015,0
1346,50.65368694077605,0
1347,48.53542923719585,0
1348,51.831860604559196,0
1349,49.78170969687733,0
1350,49.494237107364334,0
1351,51.12454574382899,0
1352,47.41623546353662,0
1353,50.705254407834346,0
1354,53.8259096154635,0
1355,50.93235532439462,0
1356,49.24757579243307,0
1357,48.98578943914352,0
1358,49.17932005330978,0
1359,49.49207464390444,0
1360,49.24438693448346,0
1361,51.83262288214913,0
1362,46.53358179358203,0
1363,51.72400010082427,0
1364,49.24062694971488,0
1365,50.75389557139074,0
1366,47.74602417959827,0
1367,52.65726213369887,0
1368,52.49126992034375,0
1369,51.919181051500146,0
1370,46.970490448412924,0
1371,51.6582421421321,0
1372,50.80971017527142,0
1373,46.789457505734866,0
1374,49.95140523245837,0
1375,50.72906897806652,0
1376,51.1121505476463,0
1377,50.35452273389771,0
1378,50.58246283369476,0
1379,52.94722278450619,0
1380,52.45206781982136,0
1381,44.26589009243451,0
1382,49.365122890324635,0
1383,49.6706979449121,0
1384,46.495802854546056,0
1385,50.18836611646462,0
1386,52.49751554482101,0
1387,47.82686428081882,0
1388,50.67280187737975,0
1389,48.16835304540712,0
1390,48.656175952640645,0
1391,52.95478726834007,0
1392,48.91488435977635,0
1393,50.92442497802125,0
1394,46.257563767878025,0
1395,53.72463512278976,0
1396,51.205304892613,0
1397,49.635000314699475,0
1398,51.15109301999979,0
1399,47.18036114210438,0
1400,52.365061483505315,0
1401,49.35203044900714,0
1402,49.59186096990313,0
1403,49.01668877006903,0
1404,48.83869719450883,0
1405,51.389341223256814,0
1406,50.51181370020844,0
1407,51.30349628280608,0
1408,49.982410621028855,0
1409,51.026399622154365,0
1410,49.16230251214992,0
1411,54.4594636828191,0
1412,46.864139167139,0
1413,52.52187464712597,0
1414,52.73581490144194,0
1415,48.29568238806881,0
1416,54.45854722111195,0
1417,51.99098056589064,0
1418,51.942278013645826,0
1419,50.05604437405175,0
1420,49.56554768356265,0
1421,49.58118234592079,0
1422,50.78106119263904,0
1423,52.802372550067794,0
1424,50.36262843572284,0
1425,48.17711275372542,0
1426,51.64885412476996,0
1427,51.84230149278959,0
1428,51.309319056895575,0
1429,51.490997813049965,0
1430,49.45814373968438,0
1431,48.14202166573884,0
1432,48.26361313871844,0
1433,46.72907350308429,0
1434,50.473897223091896,0
1435,49.83310243354681,0
1436,49.12002459094058,0
1437,44.08876235130986,0
1438,47.50536506061166,0
1439,52.241681302806334,0

=== /Users/shashidhara.reddy/Implementation/simple_aiops_pipeline/artifacts/run_manifest.json ===
{
  "run_id": "20260420T085901Z",
  "domain": "synthetic_kpi_rolling_zscore",
  "artifacts_dir": "/Users/shashidhara.reddy/Implementation/simple_aiops_pipeline/artifacts",
  "metrics": {
    "precision": 0.9737,
    "recall": 0.3083,
    "f1": 0.4684,
    "true_positives": 37,
    "false_positives": 1,
    "false_negatives": 83,
    "z_threshold": 3.0,
    "rolling_window": 60
  },
  "python": "3.14.4"
}

=== /Users/shashidhara.reddy/Implementation/simple_aiops_pipeline/build_project_bundle.py ===
#!/usr/bin/env python3
"""One-file export: repo-root AIOps doc + all files under simple_aiops_pipeline/ (Base64 for binaries)."""
from __future__ import annotations

import base64
from datetime import datetime, timezone
from pathlib import Path

ROOT = Path(__file__).resolve().parent
REPO_ROOT = ROOT.parent
OUT = ROOT / "PROJECT_BUNDLE.txt"
SKIP_DIRS = {".venv", "__pycache__", ".git"}
SKIP_FILES = {"PROJECT_BUNDLE.txt"}
TEXT_SUFFIXES = {".py", ".md", ".txt", ".json", ".csv", ".yml", ".yaml", ".toml", ".ini", ".cfg", ".jsonl"}
MAX_TEXT_BYTES = 512_000
MAX_BINARY_EMBED_BYTES = 5 * 1024 * 1024

EXTRA_PATHS: list[Path] = [REPO_ROOT / "SIMPLE_AIOPS_PIPELINE_PROJECT.md"]


def is_probably_text(path: Path, data: bytes) -> bool:
    if path.suffix.lower() in TEXT_SUFFIXES:
        return True
    if b"\x00" in data[:8192]:
        return False
    try:
        data[:8192].decode("utf-8")
        return True
    except UnicodeDecodeError:
        return False


def append_section(lines: list[str], file_path: Path, raw: bytes) -> None:
    lines.append(f"=== {file_path.resolve()} ===")
    if len(raw) > MAX_BINARY_EMBED_BYTES:
        lines.append(f"<omitted: {len(raw)} bytes>\n")
        return
    suffix = file_path.suffix.lower()
    if suffix in {".joblib", ".pkl", ".pickle"}:
        lines.append(f"<binary {len(raw)} bytes — Base64 below>")
        lines.append("BEGIN_BASE64")
        b64 = base64.standard_b64encode(raw).decode("ascii")
        for i in range(0, len(b64), 76):
            lines.append(b64[i : i + 76])
        lines.append("END_BASE64\n")
        return
    if len(raw) > MAX_TEXT_BYTES:
        lines.append(f"<omitted: {len(raw)} bytes>\n")
        return
    if is_probably_text(file_path, raw):
        try:
            text = raw.decode("utf-8")
        except UnicodeDecodeError:
            text = None
        if text is not None:
            if not text.endswith("\n"):
                text += "\n"
            lines.append(text)
            return
    lines.append(f"<binary {len(raw)} bytes — Base64>")
    lines.append("BEGIN_BASE64")
    b64 = base64.standard_b64encode(raw).decode("ascii")
    for i in range(0, len(b64), 76):
        lines.append(b64[i : i + 76])
    lines.append("END_BASE64\n")


def main() -> None:
    lines: list[str] = [
        "# simple_aiops_pipeline — full bundle",
        f"# PIPELINE_ROOT (absolute): {ROOT}",
        f"# REPO_ROOT (absolute): {REPO_ROOT}",
        f"# Generated (UTC): {datetime.now(timezone.utc).isoformat()}",
        "# Skipped dirs: " + ", ".join(sorted(SKIP_DIRS)),
        "# Skipped file: PROJECT_BUNDLE.txt",
        "",
    ]
    extra_n = 0
    for extra in EXTRA_PATHS:
        if extra.is_file():
            extra_n += 1
            append_section(lines, extra, extra.read_bytes())
            lines.append("")
    paths = sorted(
        p
        for p in ROOT.rglob("*")
        if p.is_file()
        and not any(part in SKIP_DIRS for part in p.relative_to(ROOT).parts)
    )
    n = 0
    for path in paths:
        if path.name in SKIP_FILES:
            continue
        n += 1
        append_section(lines, path, path.read_bytes())
    OUT.write_text("\n".join(lines) + "\n", encoding="utf-8")
    print(f"Wrote {OUT.resolve()} ({n} files + {extra_n} doc(s); {OUT.stat().st_size} bytes)")


if __name__ == "__main__":
    main()

=== /Users/shashidhara.reddy/Implementation/simple_aiops_pipeline/pipeline.py ===
#!/usr/bin/env python3
"""
Minimal AIOps-style pipeline (educational):
  prepare -> baseline detect -> evaluate vs ground truth -> manifest.

Uses synthetic KPI time series with injected anomalies (labels for teaching).
Run: python pipeline.py
"""
from __future__ import annotations

import json
import sys
from datetime import datetime, timezone
from pathlib import Path
from typing import Any

import numpy as np
import pandas as pd

ARTIFACTS_DIR = Path(__file__).resolve().parent / "artifacts"
RNG = np.random.default_rng(42)
N_POINTS = 1440  # e.g. minute buckets for a day
WINDOW = 60  # rolling baseline window
Z_THRESHOLD = 3.0  # static threshold for "alert"


def stage_prepare() -> pd.DataFrame:
    """Build synthetic KPI with rare spikes + ground-truth anomaly flag (for eval only)."""
    print("[1/4] prepare: synthetic KPI time series")
    ARTIFACTS_DIR.mkdir(parents=True, exist_ok=True)
    t = np.arange(N_POINTS, dtype=np.int64)
    # Normal load ~50 +/- noise
    base = 50.0 + RNG.normal(0, 2.0, size=N_POINTS)
    truth = np.zeros(N_POINTS, dtype=np.int8)
    # Inject 8 anomaly bursts (sustained elevation)
    for start in [120, 310, 450, 620, 800, 950, 1100, 1300]:
        base[start : start + 15] += RNG.uniform(12, 22)
        truth[start : start + 15] = 1
    df = pd.DataFrame(
        {
            "timestamp_minute": t,
            "kpi_value": base.astype(np.float64),
            "ground_truth_anomaly": truth,
        }
    )
    path = ARTIFACTS_DIR / "raw_kpi.csv"
    df.to_csv(path, index=False)
    print(f"      wrote {path} ({len(df)} rows)")
    return df


def stage_detect(df: pd.DataFrame) -> pd.DataFrame:
    """
    Rolling z-score vs local baseline (AIOps pattern: deviation from 'normal').
    Does NOT use ground_truth in scoring (operational realism).
    """
    print("[2/4] detect: rolling mean/std baseline + z-score alerts")
    v = df["kpi_value"].astype(float)
    roll_mean = v.rolling(window=WINDOW, min_periods=WINDOW).mean()
    roll_std = v.rolling(window=WINDOW, min_periods=WINDOW).std().replace(0, np.nan)
    z = (v - roll_mean) / roll_std
    fired = (z.abs() > Z_THRESHOLD).fillna(False)
    out = df[["timestamp_minute", "kpi_value"]].copy()
    out["z_score"] = z
    out["alert_fired"] = fired.astype(int)
    path = ARTIFACTS_DIR / "alerts.csv"
    out.to_csv(path, index=False)
    n_alerts = int(out["alert_fired"].sum())
    print(f"      wrote {path} (alerts fired: {n_alerts})")
    return out


def stage_evaluate(df: pd.DataFrame, alerts: pd.DataFrame) -> dict[str, Any]:
    """Compare alerts to injected ground truth (teaching metric only)."""
    print("[3/4] evaluate: precision / recall / F1 vs ground truth")
    y_true = df["ground_truth_anomaly"].astype(int).values
    y_pred = alerts["alert_fired"].astype(int).values
    tp = int(((y_true == 1) & (y_pred == 1)).sum())
    fp = int(((y_true == 0) & (y_pred == 1)).sum())
    fn = int(((y_true == 1) & (y_pred == 0)).sum())
    prec = tp / (tp + fp) if (tp + fp) else 0.0
    rec = tp / (tp + fn) if (tp + fn) else 0.0
    f1 = (2 * prec * rec / (prec + rec)) if (prec + rec) > 0 else 0.0
    metrics = {
        "precision": round(prec, 4),
        "recall": round(rec, 4),
        "f1": round(f1, 4),
        "true_positives": tp,
        "false_positives": fp,
        "false_negatives": fn,
        "z_threshold": Z_THRESHOLD,
        "rolling_window": WINDOW,
    }
    path = ARTIFACTS_DIR / "metrics.json"
    path.write_text(json.dumps(metrics, indent=2), encoding="utf-8")
    print(f"      metrics -> {path}  (F1={metrics['f1']})")
    return metrics


def stage_manifest(metrics: dict[str, Any]) -> None:
    print("[4/4] manifest")
    manifest = {
        "run_id": datetime.now(timezone.utc).strftime("%Y%m%dT%H%M%SZ"),
        "domain": "synthetic_kpi_rolling_zscore",
        "artifacts_dir": str(ARTIFACTS_DIR.resolve()),
        "metrics": metrics,
        "python": sys.version.split()[0],
    }
    path = ARTIFACTS_DIR / "run_manifest.json"
    path.write_text(json.dumps(manifest, indent=2), encoding="utf-8")
    print(f"      wrote {path}")
    print("Done.")


def main() -> None:
    df = stage_prepare()
    alerts = stage_detect(df)
    metrics = stage_evaluate(df, alerts)
    stage_manifest(metrics)


if __name__ == "__main__":
    main()

=== /Users/shashidhara.reddy/Implementation/simple_aiops_pipeline/requirements.txt ===
numpy>=1.24.0
pandas>=2.0.0

